Price,SMA50_diff,SMA20_diff,SMA10_diff,SMA100_diff,next_day_SMA50_diff
Ticker,,,,,
Date,,,,,
2022-10-27,-0.14290431,-0.0471043,-0.00470361,-0.1793413,-0.12400918314426568
2022-10-28,-0.13072944,-0.033177905,0.0062181945,-0.16863972,-0.11577480730597962
2022-10-31,-0.1375889,-0.0400728,-0.004157185,-0.17657788,-0.1064727456438931
2022-11-01,-0.11607981,-0.016378408,0.015204469,-0.15736173,-0.1042214073667833
2022-11-02,-0.08253938,0.020389257,0.046533357,-0.1264736,-0.09618143192670175
2022-11-03,-0.11553235,-0.015651649,0.0041447296,-0.15900527,-0.07535897271583816
2022-11-04,-0.09499859,0.0069540986,0.018188627,-0.14044686,-0.07754787544783104
2022-11-07,-0.083644636,0.0172798,0.022313513,-0.13071482,-0.07517248573795998
2022-11-08,-0.06570701,0.03465916,0.030966016,-0.1148204,-0.06869365227447498
2022-11-09,-0.07449362,0.02074985,0.0136757335,-0.12434598,-0.056734827395039135
2022-11-10,-0.080717355,0.010289011,9.209528e-05,-0.1314809,-0.05511688315559185
2022-11-11,-0.04999235,0.03849014,0.024958732,-0.1042992,-0.06043674330712417
2022-11-14,-0.024893766,0.059756175,0.040320434,-0.082296476,-0.05008661544055844
2022-11-15,-0.013568812,0.06493023,0.0420244,-0.07326387,-0.029847752350181517
2022-11-16,-0.0032767123,0.069390714,0.045340028,-0.065054126,-0.013215873933700143
2022-11-17,0.0017367896,0.06728952,0.038787253,-0.06163019,-0.0013040452331701967
2022-11-18,-0.0134868985,0.04289172,0.014814247,-0.07731339,0.004369400249175872
2022-11-21,-0.008094474,0.041023694,0.012803473,-0.073774695,-0.004313425095229296
2022-11-22,-0.0018558119,0.039277665,0.012847626,-0.06950096,-0.00823962909754222
2022-11-23,-0.015069792,0.018856041,-0.0069304113,-0.08364742,-0.0065942337841946195
2022-11-24,-0.00020943413,0.02738802,-2.3210172e-08,-0.07110592,-0.013024178405155198
2022-11-25,-0.001680084,0.019569151,-0.006443877,-0.07396691,-0.009760123514929688
2022-11-28,-0.010657217,0.0037853296,-0.017265437,-0.08399304,-0.008099035486697704
2022-11-29,-0.0047735414,0.0039982814,-0.0126692215,-0.080181554,-0.012783258719665222
2022-11-30,0.00024740392,0.004837802,-0.008322347,-0.07726353,-0.01299534136498304
2022-12-01,0.018997714,0.017024182,0.008772007,-0.061338756,-0.009716711474608501
2022-12-02,-0.014917968,-0.02095297,-0.024878984,-0.09389713,0.0025100743354813325
2022-12-05,0.0005062561,-0.009640847,-0.0102713425,-0.0809366,-0.00939954874130418
2022-12-06,0.010954518,-0.0024646532,-0.000518654,-0.072145045,-0.010486772218678652
2022-12-07,0.003906236,-0.012436607,-0.008512227,-0.07889399,-0.0037943136635410395
2022-12-08,-0.0014685732,-0.019930668,-0.0119929835,-0.08321333,-0.0033599846202452413
2022-12-09,0.0219446,0.001313047,0.0105567565,-0.0610771,-0.006739134322486036
2022-12-12,0.03170468,0.009905208,0.017484652,-0.05153335,0.00407766180038509
2022-12-13,0.03310136,0.010899574,0.016525421,-0.049513854,0.016659612644781316
2022-12-14,0.039226398,0.016467473,0.019662468,-0.043332167,0.023336080427771782
2022-12-15,0.021022191,-0.00089387136,0.0022311732,-0.059622873,0.028736699194649277
2022-12-16,-0.006787296,-0.027613064,-0.025892777,-0.084845446,0.020430409590290487
2022-12-19,0.017913848,-0.0028183218,-0.002498196,-0.060807873,-0.0008177051975225481
2022-12-20,0.013720593,-0.0061526834,-0.0064273924,-0.06351197,0.0018524407909247525
2022-12-21,0.007869513,-0.010954253,-0.011607282,-0.06711293,0.0047261002783854835
2022-12-22,0.020893242,0.002960163,-1.5631268e-07,-0.053143743,0.0034693418299523706
2022-12-23,0.01016989,-0.0060953824,-0.008389941,-0.061082352,0.00974815651582982
2022-12-28,0.029923657,0.013603337,0.012409585,-0.040415768,0.008093610844515448
2022-12-29,0.022289986,0.0069244066,0.0071492405,-0.04505791,0.01789316733530846
2022-12-30,0.031923026,0.016764527,0.018328095,-0.033633817,0.01991432343981926
2023-01-03,0.03034209,0.016691923,0.016873477,-0.032406602,0.025772236562088307
2023-01-04,0.033519346,0.019817393,0.01732565,-0.026000643,0.028103655374270505
2023-01-05,0.038593475,0.024979912,0.021257706,-0.017891653,0.030346118996381583
2023-01-06,0.029174251,0.016693301,0.011305463,-0.023243027,0.034445062085327834
2023-01-09,0.026529348,0.014229469,0.0071310517,-0.022580763,0.031018953461338993
2023-01-10,0.03175256,0.019063165,0.011502305,-0.014299271,0.027002289079778006
2023-01-11,0.015972141,0.0045095715,-0.0047311266,-0.026270146,0.028442009978957156
2023-01-12,0.028266832,0.017982565,0.007697676,-0.010775121,0.02057261271035391
2023-01-13,0.01965586,0.010645465,-0.00078596757,-0.015827283,0.0237755062502608
2023-01-16,0.02232484,0.013999919,0.0019200655,-0.010606633,0.021707003749560364
2023-01-17,0.018009111,0.0103684105,-0.0012212162,-0.011560809,0.02183166619971029
2023-01-18,0.02107657,0.012145821,0.0027029968,-0.005668772,0.019807618939750703
2023-01-19,0.02246917,0.013225472,0.0053186,-0.0015246443,0.02041297324041895
2023-01-20,0.027579905,0.017276144,0.010100977,0.0060579185,0.02195756558750067
2023-01-26,0.021016235,0.009932944,0.0040019834,0.0023639724,0.025618841391808193
2023-01-27,0.022153232,0.01101004,0.0061743637,0.006410443,0.023392413250433675
2023-01-30,0.04108873,0.028008912,0.022264604,0.02772847,0.022412818250642313
2023-01-31,0.026365213,0.012746431,0.0073562134,0.015070785,0.03307200169296525
2023-02-01,0.022484057,0.007819271,0.0025062573,0.012859205,0.029884398490638023
2023-02-02,0.02833282,0.012669241,0.0069025406,0.020152496,0.02397523442203716
2023-02-03,0.025476743,0.008971616,0.0026704376,0.018675944,0.024170968626492522
2023-02-06,0.017125921,0.000736459,-0.005510591,0.01205395,0.02303727802185356
2023-02-07,0.014170239,-0.0018196254,-0.008008282,0.010706151,0.01745505296477559
2023-02-08,0.017376235,0.0011691974,-0.0042208433,0.015477364,0.012764346986343017
2023-02-09,0.01586309,-0.00017313969,-0.005167978,0.015968876,0.012793944072535215
2023-02-10,0.012032445,-0.003592581,-0.008100649,0.013651942,0.01273486912305592
2023-02-13,0.0073261107,-0.00835025,-0.009507334,0.010553996,0.010513314217927549
2023-02-14,0.013656723,-0.0015142865,-0.0017302214,0.018934349,0.006728806638331356
2023-02-15,0.0026867464,-0.011811533,-0.010570098,0.009761752,0.008715119848825356
2023-02-16,-0.004589084,-0.018139312,-0.014684164,0.0041848565,0.0041328172968590725
2023-02-17,-0.013134782,-0.025912104,-0.019966844,-0.003172677,-0.0027912168485809494
2023-02-20,-0.01103914,-0.022337856,-0.014946217,0.0008092018,-0.011036926314283501
2023-02-21,-0.00015771043,-0.010502396,-0.0025372505,0.0135053415,-0.013497895715724906
2023-02-22,-0.009119808,-0.017903892,-0.0090329,0.0056622857,-0.007357960811431092
2023-02-23,-0.01549947,-0.022670843,-0.012399903,0.00028295396,-0.008045057316411629
2023-02-24,-0.009849135,-0.015422343,-0.0044054626,0.0067437626,-0.01289555179341055
2023-02-27,-0.023646383,-0.026564179,-0.015727175,-0.0070326133,-0.012617434561527962
2023-02-28,-0.025831733,-0.026932383,-0.014634178,-0.009150316,-0.019344318730514506
2023-03-01,-0.009892225,-0.00982275,0.0024863344,0.00721853,-0.024590022235071802
2023-03-02,-0.006192611,-0.004830869,0.006127396,0.011210385,-0.017966385101905777
2023-03-03,-0.003788506,-0.000967459,0.0077174753,0.014195867,-0.01079681138340298
2023-03-06,0.014312647,0.018245926,0.024416296,0.033875324,-0.006134391039206453
2023-03-07,0.020461675,0.02464952,0.029126167,0.0406324,0.005962084135604132
2023-03-08,0.010092173,0.01502768,0.017173054,0.030607812,0.015758540830864427
2023-03-09,0.0066762064,0.012524708,0.0119465925,0.02732561,0.013011868640203155
2023-03-10,-0.0067926245,-0.00014220575,-0.001936483,0.0134018995,0.007582830113321371
2023-03-13,-0.0019965244,0.0053800815,0.0008948294,0.018221665,-0.003315007779294558
2023-03-14,0.017938597,0.025480656,0.016526503,0.038277198,-0.006188875906839222
2023-03-15,0.018982468,0.026079282,0.014809463,0.03907573,0.005231784230386342
2023-03-16,0.021073809,0.027073953,0.01407023,0.04087968,0.01306131634009526
2023-03-17,0.021365311,0.025782807,0.011746386,0.040693328,0.016891814155335524
2023-03-20,0.0182605,0.021200884,0.008096273,0.036640555,0.017607151585962696
2023-03-21,0.01012696,0.012273502,0.00065742835,0.02738242,0.01537073852628567
2023-03-22,0.007243466,0.008398938,-0.0021840655,0.023476068,0.009198300477487735
2023-03-23,0.013105577,0.012799566,0.0029030836,0.028752262,0.004324527728267155
2023-03-24,0.0024378074,0.0011718216,-0.008961514,0.016972827,0.005894633777041245
2023-03-27,-0.004810739,-0.007224019,-0.016076555,0.008978974,0.0011731980948179765
2023-03-28,0.00229415,-0.0019172066,-0.007828302,0.015203246,-0.005973097351463163
2023-03-29,0.0065038763,0.0012791556,-0.002465193,0.018858636,-0.005409336941813261
2023-03-30,0.008951746,0.0027428833,0.0011456987,0.021003174,-0.0012955804069077752
2023-03-31,0.0069419225,1.248767e-05,0.0006176558,0.018273685,0.0027672679475180774
2023-04-03,0.0067960606,-1.8812617e-06,0.0015898193,0.017520241,0.003449610439157571
2023-04-04,0.012791052,0.006193369,0.0073276046,0.023059966,0.00317158262445381
2023-04-06,0.012694545,0.005738249,0.006616659,0.02247059,0.006295431378276394
2023-04-11,0.021184973,0.013516461,0.014454399,0.030611536,0.007912704988882463
2023-04-12,0.026065603,0.016829822,0.017142696,0.03499748,0.013320298295708572
2023-04-13,0.025164615,0.014302024,0.013057593,0.033414897,0.018672616883155593
2023-04-14,0.02660238,0.015344257,0.012149396,0.034728654,0.01978299940984662
2023-04-17,0.027063265,0.015553131,0.010726444,0.035228148,0.020270114394377446
2023-04-18,0.029365731,0.017513143,0.011050222,0.037566036,0.02053355230606904
2023-04-19,0.02028209,0.008579954,0.0007818916,0.028416805,0.021950024738752807
2023-04-20,0.017295934,0.0057772575,-0.003123414,0.025360486,0.01724900597902869
2023-04-21,0.020382164,0.008528321,-0.00069334946,0.02854096,0.012715867972554888
2023-04-24,0.026063344,0.013454469,0.003720683,0.03436527,0.012742871960561062
2023-04-25,0.017737672,0.005108477,-0.0040668137,0.025837623,0.016890621926284478
2023-04-26,0.024228616,0.010726441,0.0026818935,0.03251343,0.01452383861987565
2023-04-27,0.027017895,0.012316655,0.005533442,0.035539888,0.016600984781196162
2023-04-28,0.030737134,0.014902049,0.008984125,0.039281584,0.019779467431282897
2023-05-02,0.030692015,0.014184702,0.008976349,0.039478973,0.023523588251774932
2023-05-03,0.028761411,0.01191252,0.0075914636,0.037926003,0.02517886416338307
2023-05-04,0.03442986,0.016993107,0.012396679,0.044455018,0.024499606564413155
2023-05-05,0.04257091,0.024158705,0.018534357,0.053158015,0.027315741000160952
2023-05-08,0.06445435,0.04416646,0.036278386,0.07589842,0.033760350038449384
2023-05-09,0.06244703,0.040898677,0.03152359,0.07476963,0.050244392052601144
2023-05-10,0.05433518,0.03241801,0.020718718,0.06742597,0.056585232454859226
2023-05-11,0.072108425,0.048816767,0.033960886,0.08631421,0.05232442936937044
2023-05-12,0.04822717,0.025357343,0.009381771,0.06327993,0.060389188270850595
2023-05-15,0.057988178,0.034585122,0.01676531,0.07462931,0.049764639082460524
2023-05-16,0.053360097,0.029548729,0.010302436,0.07102251,0.05003157916698956
2023-05-17,0.031091021,0.007948638,-0.011608568,0.049218293,0.048607461565515965
2023-05-18,0.021206433,-0.0017736423,-0.020387998,0.039660107,0.03432470656262481
2023-05-19,0.017817458,-0.005566873,-0.022225967,0.0360107,0.021229843877605764
2023-05-22,0.016313886,-0.007456689,-0.020129718,0.03437326,0.014006947714794967
2023-05-23,-0.012399721,-0.034651317,-0.042081393,0.0049081305,0.011395757452921856
2023-05-24,-0.003396714,-0.025582647,-0.02873462,0.01391926,-0.005012384279267733
2023-05-25,-0.0049794465,-0.026261458,-0.023420997,0.012539724,-0.00896361018878947
2023-05-29,-0.012347871,-0.032353368,-0.025405766,0.0050036283,-0.00916627422460403
2023-05-30,-0.00990098,-0.029085206,-0.017093988,0.0072808517,-0.012394547340435044
2023-05-31,-0.017598841,-0.035543706,-0.018494604,-0.00093190925,-0.012733021168026801
2023-06-01,-0.024251569,-0.040887102,-0.020404572,-0.008092427,-0.016528124683314157
2023-06-02,-0.018363016,-0.033751674,-0.011014946,-0.0024642998,-0.0225092397751456
2023-06-05,-0.003759153,-0.01792176,0.005835373,0.012264776,-0.02249707903882494
2023-06-06,-0.003263964,-0.014716257,0.008478957,0.012891634,-0.013309374497028369
2023-06-07,-0.009661063,-0.018099489,0.0018076368,0.0064364146,-0.006992885373137888
2023-06-08,-0.012403704,-0.018206824,-0.00011639298,0.0035393622,-0.00848861123198989
2023-06-09,-0.00932912,-0.011440839,0.003686396,0.006864681,-0.012193418299523704
2023-06-12,-0.010723046,-0.010006091,0.0024733713,0.0056407666,-0.012428615285568663
2023-06-13,-0.006851995,-0.0029481757,0.006364803,0.009811768,-0.012716419378490995
2023-06-14,-0.017459823,-0.010330697,-0.0044364966,-0.0009973127,-0.010427339600484045
2023-06-15,-0.021848284,-0.012426948,-0.009326115,-0.005542175,-0.01490791520866989
2023-06-16,-0.0048998105,0.0061227595,0.006587602,0.011786161,-0.02051622027623947
2023-06-19,-0.005324943,0.007001914,0.0064108185,0.011494333,-0.013752660161070145
2023-06-20,0.07078915,0.08270361,0.07684262,0.08977895,-0.00858662736284895
2023-06-21,0.07133355,0.080281526,0.07004063,0.09130799,0.0389701227399808
2023-06-23,0.06271055,0.069211096,0.054389663,0.083175726,0.06486149278999481
2023-06-26,0.03663948,0.041316267,0.024024563,0.0568966,0.06508795669824087
2023-06-27,0.040649846,0.04318136,0.023035193,0.061559577,0.04402629163114818
2023-06-28,0.053002246,0.053052142,0.02952306,0.0747027,0.035346908848127905
2023-06-29,0.04570466,0.04305037,0.01628385,0.06767529,0.04111471925986421
2023-06-30,0.045325913,0.039559618,0.009364419,0.067726344,0.040735828867442016
2023-07-03,0.049787123,0.041179586,0.008562386,0.07293961,0.03943106829684119
2023-07-04,0.04567902,0.035198454,-0.00016360715,0.0693396,0.04144778334813684
2023-07-05,0.030826421,0.019011427,-0.010826739,0.054501094,0.03997918070019612
2023-07-06,0.022261571,0.008892013,-0.01481485,0.045919456,0.03068831853975786
2023-07-07,0.01036907,-0.0041213674,-0.02173005,0.0339656,0.021444996512730026
2023-07-10,0.0030305525,-0.012387096,-0.026248176,0.026426166,0.011123258600442318
2023-07-11,0.013445322,-0.0036034768,-0.013932671,0.037052575,0.002549596728523484
2023-07-12,0.017865561,-0.00075258303,-0.006567469,0.04157897,0.005338786787717657
2023-07-13,0.038028024,0.016370153,0.013962694,0.06230979,0.011150113559817112
2023-07-14,0.04104232,0.01634437,0.017526276,0.06548365,0.026059981043558087
2023-07-18,0.034125574,0.0075275516,0.012300575,0.058200203,0.035046794990253524
2023-07-19,0.03251899,0.0037526663,0.011889849,0.0561756,0.0331788999302546
2023-07-20,0.039704982,0.011592968,0.017680833,0.06285778,0.029327523203757908
2023-07-21,0.048384417,0.020753441,0.023413623,0.0710658,0.03143949735623208
2023-07-24,0.040149797,0.0134522095,0.0122826155,0.061978225,0.038066919816635174
2023-07-25,0.04160237,0.013931178,0.009437768,0.062457744,0.03579238523305097
2023-07-26,0.05914924,0.030198304,0.022207715,0.07984252,0.033823433858112824
2023-07-27,0.060797844,0.031351574,0.019662142,0.08075756,0.04349560067480164
2023-07-28,0.07225268,0.041410487,0.027674448,0.09201034,0.04958012673394813
2023-07-31,0.06977802,0.038419142,0.023222128,0.089537874,0.05874441887775479
2023-08-01,0.076209426,0.04429476,0.026237654,0.09643634,0.06110738705120028
2023-08-02,0.04785282,0.017128889,-0.0018410427,0.06785118,0.06539096171156403
2023-08-03,0.05051652,0.019294936,7.983575e-05,0.071003005,0.049298954415122234
2023-08-04,0.03857008,0.007761414,-0.009742841,0.059633464,0.04282389882744273
2023-08-07,0.049167678,0.017017938,7.9773425e-05,0.07117255,0.0346811234374348
2023-08-08,0.037386637,0.0045663035,-0.010507828,0.059642546,0.03833947828056726
2023-08-09,0.033059217,8.067004e-05,-0.011952214,0.055883836,0.03441275267804451
2023-08-10,0.035365283,0.0020927666,-0.007177023,0.059098028,0.029737977860306523
2023-08-11,0.036610905,0.004140389,-0.0023164845,0.061437763,0.02938707504485762
2023-08-14,0.01574156,-0.014390196,-0.017313225,0.041079894,0.031143899065888537
2023-08-15,0.0035409937,-0.024645163,-0.022562431,0.029360957,0.02011312763408106
2023-08-16,0.0096837105,-0.017605945,-0.013322607,0.036209308,0.007074821314670974
2023-08-17,0.0003135736,-0.025096605,-0.018226096,0.026957793,0.004706413596180098
2023-08-18,-0.030007053,-0.051727597,-0.042423252,-0.0040150266,4.70185332005985e-05
2023-08-21,-0.034704465,-0.05358443,-0.03992787,-0.008616419,-0.019048020005603475
2023-08-22,-0.034405492,-0.050550915,-0.033481807,-0.008244594,-0.03213118394305914
2023-08-23,-0.037368875,-0.049786672,-0.030277923,-0.011297385,-0.03689200789255632
2023-08-24,-0.028095594,-0.037136775,-0.01509473,-0.0017016373,-0.03861124689275303
2023-08-25,-0.0313138,-0.03596719,-0.011745036,-0.004722131,-0.03329724356643398
2023-08-28,-0.01925352,-0.019865396,0.0043741628,0.00819448,-0.030445148521934032
2023-08-29,-0.00072195067,0.0023453962,0.02413188,0.027621424,-0.022567837833004478
2023-08-30,0.0013110506,0.006672696,0.027495183,0.030121766,-0.007548434305198715
2023-08-31,0.007965285,0.014181943,0.0326588,0.03597744,0.0015411050771074138
2023-09-04,0.0012975137,0.00795252,0.021629926,0.028022414,0.007638984101625604
2023-09-05,-0.009913794,-0.0017576772,0.006737388,0.015526891,0.004501976119652107
2023-09-06,-0.015686043,-0.0058501586,-0.001515707,0.009101411,-0.0056787210958969435
2023-09-07,-0.018811079,-0.0073991073,-0.007128507,0.005255052,-0.014898168736177594
2023-09-11,-0.024054624,-0.010977195,-0.013668358,-0.0010580637,-0.020802861945837033
2023-09-12,-0.018729093,-0.003708295,-0.010056167,0.0036200674,-0.025705292900872114
2023-09-13,-0.009415597,0.006379369,-0.0018729856,0.012465047,-0.024603896800653342
2023-09-14,-0.018875437,-0.0029544777,-0.009957533,0.001826752,-0.017640742639475897
2023-09-15,-0.01354341,0.0030153324,-0.0031383454,0.0063711386,-0.01840674980477249
2023-09-18,-0.025664503,-0.008536236,-0.012044119,-0.0067099193,-0.01673962611696959
2023-09-19,-0.010815979,0.0055286614,0.0046394016,0.008057324,-0.021987579953860737
2023-09-20,-0.018456059,-0.0030375654,-0.0018577795,-2.9626792e-05,-0.01698452486691743
2023-09-21,-0.0309612,-0.015980076,-0.012773842,-0.012992034,-0.01720815723116725
2023-09-22,-0.025103016,-0.010785644,-0.006011349,-0.0073715583,-0.02493432308215054
2023-09-25,-0.0290331,-0.0150026465,-0.009573764,-0.011814766,-0.026571849683761244
2023-09-26,-0.03493251,-0.021540247,-0.014514964,-0.018717226,-0.02852281330289175
2023-09-27,-0.028395742,-0.015069283,-0.0063802395,-0.0130077535,-0.03267275398949646
2023-09-28,-0.03350289,-0.0191309,-0.010567647,-0.019005867,-0.031348038485153766
2023-09-29,-0.034435805,-0.01872802,-0.0098249,-0.020672781,-0.032380687677716645
2023-10-03,-0.044192076,-0.026792953,-0.018667612,-0.03131204,-0.03351378216783008
2023-10-04,-0.06834815,-0.049324244,-0.03895875,-0.056932032,-0.03919171341198071
2023-10-05,-0.055285946,-0.034671422,-0.022426154,-0.044667836,-0.05481048028947321
2023-10-06,-0.039913695,-0.018373417,-0.0058987127,-0.029807907,-0.05742936042872557
2023-10-09,-0.047466576,-0.025751138,-0.012098586,-0.038759172,-0.0481260841832933
2023-10-10,-0.048224654,-0.026445938,-0.011526367,-0.04080354,-0.044768394603971313
2023-10-11,-0.0363041,-0.0144727705,0.0004372676,-0.030256072,-0.04463593795640018
2023-10-12,-0.014625738,0.007330781,0.021425495,-0.009922933,-0.039219790406132826
2023-10-13,-0.031226082,-0.010106274,0.003502603,-0.028482098,-0.02405100057823109
2023-10-16,-0.026458403,-0.005018264,0.0077994065,-0.02505857,-0.0246376666885242
2023-10-17,-0.016674608,0.0041985475,0.015317254,-0.016639404,-0.025211382210750328
2023-10-18,-0.012223802,0.00884032,0.014467474,-0.013610838,-0.020633401489094084
2023-10-19,-0.030076697,-0.009333631,-0.006616739,-0.033179697,-0.015781342211465668
2023-10-20,-0.038622238,-0.01813275,-0.015607228,-0.04333598,-0.023874148301371658
2023-10-24,-0.041193057,-0.020351116,-0.019025879,-0.047583774,-0.03443743181940114
2023-10-25,-0.038580947,-0.017595837,-0.017552953,-0.046731908,-0.04130887376082693
2023-10-26,-0.030872818,-0.010229966,-0.010403025,-0.04092449,-0.04255773369179687
2023-10-27,-0.00935152,0.011285195,0.011639182,-0.020981118,-0.03790276477916937
2023-10-30,-0.008594118,0.011506407,0.010754638,-0.021317177,-0.022477139007946206
2023-10-31,-0.016940663,0.002495341,0.0015745484,-0.030734304,-0.012774793893402801
2023-11-01,-0.010964249,0.0075279567,0.0076161306,-0.02580149,-0.014096171156402567
2023-11-02,0.0035738582,0.020042818,0.02214053,-0.011761171,-0.013318971940889284
2023-11-03,0.012677315,0.027406199,0.028347088,-0.0029234455,-0.004415047718967768
2023-11-06,0.02243989,0.03583232,0.033226304,0.0066828975,0.005981338634778514
2023-11-07,0.00587026,0.017670253,0.012526935,-0.009758889,0.01613710336029758
2023-11-08,-0.0042766207,0.006027433,-0.0008613893,-0.020135572,0.010039239238642528
2023-11-09,-0.0008099342,0.008621759,-0.00017184619,-0.017126894,-0.0013154906320602315
2023-11-10,-0.010605151,-0.0010838868,-0.01013919,-0.027567754,-0.005370231828938976
2023-11-13,0.0037834353,0.011824861,0.0025751437,-0.01434245,-0.011373343546762204
2023-11-14,0.006185096,0.012680195,0.0021414012,-0.012952336,-0.0061415891221021385
2023-11-15,0.033978388,0.038489666,0.025072394,0.014226247,-0.0008141583160956883
2023-11-16,0.030732803,0.033516023,0.019054208,0.01109283,0.017587181749357687
2023-11-17,0.024780594,0.02526577,0.012066629,0.005417262,0.025447532980036124
2023-11-20,0.044945594,0.042068716,0.030359602,0.025458463,0.023557715808361104
2023-11-21,0.038496736,0.032346413,0.021305509,0.019444112,0.03341108653794567
2023-11-22,0.044673484,0.03515785,0.023224432,0.02615589,0.03472961735408607
2023-11-23,0.05500823,0.041922905,0.02853807,0.036912426,0.03764381262928234
2023-11-24,0.046814956,0.0314944,0.015228409,0.029193245,0.0449832044732434
2023-11-27,0.041094996,0.02391097,0.006383163,0.024118284,0.04295389650259608
2023-11-28,0.03307547,0.013755006,-0.003967708,0.016564274,0.03735781178279971
2023-11-29,0.03502653,0.013848219,-0.0019827213,0.01897198,0.02957093166739194
2023-11-30,0.04059612,0.017715808,0.0023925297,0.024614954,0.027671055063098724
2023-12-01,0.014850235,-0.007662345,-0.021873727,-0.0007948107,0.0312685764189016
2023-12-04,0.024369933,0.0019159864,-0.010703512,0.008812862,0.018422442519656877
2023-12-05,0.020582784,-0.0023326331,-0.012795636,0.0052702627,0.01686339439533123
2023-12-06,0.028636865,0.0043247007,-0.003339762,0.013618275,0.015606173958140838
2023-12-07,0.04904377,0.022688981,0.017678047,0.034733646,0.02013192014449816
2023-12-08,0.05556732,0.02662433,0.023761025,0.042181395,0.035374687785017254
2023-12-11,0.04745138,0.017336493,0.015803006,0.035164297,0.0470672357573337
2023-12-12,0.057150383,0.02514924,0.02351543,0.04589937,0.046063557730711226
2023-12-13,0.050377753,0.018709175,0.016162215,0.040594347,0.04957978396809595
2023-12-14,0.086788744,0.05335162,0.048552345,0.07920379,0.0471911083557373
2023-12-15,0.08647341,0.05175325,0.042452022,0.08111605,0.06879173546821815
2023-12-18,0.082247354,0.047159206,0.033528637,0.07881521,0.07928713644465375
2023-12-19,0.076214544,0.04082119,0.023113005,0.075052105,0.07891858863924937
2023-12-20,0.067739904,0.032692004,0.011813884,0.06883503,0.07332208663928513
2023-12-21,0.07206668,0.03708184,0.014005549,0.07541319,0.06533069453303368
2023-12-22,0.069222644,0.03376835,0.00981098,0.07435151,0.0654875322646987
2023-12-27,0.07838378,0.04184374,0.015792409,0.08597817,0.06520437786507544
2023-12-28,0.0832059,0.045051627,0.018086983,0.09298425,0.0714149970492331
2023-12-29,0.08063896,0.041091107,0.012807376,0.09240068,0.07780623893462411
2024-01-02,0.06915153,0.029051714,0.0034547085,0.082493514,0.07844843311296966
2024-01-03,0.063223414,0.021651926,0.00015698263,0.07869373,0.07100934111461495
2024-01-04,0.06451765,0.021769444,0.0033732783,0.08236069,0.06396834929926737
2024-01-05,0.059942678,0.016234227,0.00094054954,0.08009462,0.06268118901003261
2024-01-08,0.04571912,0.0021821084,-0.01034318,0.06785729,0.06037523919095337
2024-01-09,0.047291722,0.0040384103,-0.006503073,0.071677655,0.05066957073793017
2024-01-10,0.03545972,-0.0067219646,-0.015133619,0.06103821,0.047173448462918696
2024-01-11,0.03918655,-0.0030390418,-0.008322848,0.06627428,0.039106349811925865
2024-01-12,0.03776908,-0.00362618,-0.0055858265,0.0665117,0.03760935720970713
2024-01-15,0.03242976,-0.00822546,-0.006465869,0.06248081,0.037098874535775817
2024-01-16,0.029063795,-0.009370824,-0.006476069,0.05984325,0.033763971434191936
2024-01-17,-0.009303032,-0.043334175,-0.03809528,0.020527394,0.029799824742329496
2024-01-18,0.0029612824,-0.029095445,-0.021435905,0.033300824,0.005127315159788499
2024-01-19,-0.009354441,-0.038187232,-0.027710987,0.020925382,-0.0012914672166816688
2024-01-22,-0.02241372,-0.04780807,-0.03477696,0.007950507,-0.008385706962021544
2024-01-23,-0.021570874,-0.04371363,-0.027923882,0.009229108,-0.01849932639058616
2024-01-24,-0.008984929,-0.028320745,-0.0111228805,0.023095,-0.022836625872562636
2024-01-25,0.006735005,-0.009948426,0.007890701,0.040330093,-0.01665572299750228
2024-01-26,-0.0025482923,-0.015579201,0.0026106392,0.03165319,-0.002709877021573385
2024-01-29,0.00872855,-0.0017653867,0.016173786,0.043897897,-0.00022033883149630707
2024-01-30,-0.003346819,-0.011095059,0.0070410543,0.031856697,0.005472405858613557
2024-01-31,0.006132577,0.0006037296,0.015108171,0.04223174,0.0010820968924549785
2024-02-01,0.019729802,0.015829494,0.027040176,0.05656574,0.0026825302677150335
2024-02-02,0.038420822,0.035593484,0.041295532,0.07647921,0.011933646492164074
2024-02-05,0.035452556,0.033109393,0.03256937,0.073730886,0.027933881957401655
2024-02-06,0.083965935,0.08036564,0.07066203,0.124753,0.03275205212425411
2024-02-07,0.06266917,0.05827307,0.042881973,0.103407495,0.06282607464546089
2024-02-08,0.046464186,0.042124137,0.023368845,0.087165825,0.0626317413101405
2024-02-09,0.031247469,0.027563902,0.0053859935,0.071997665,0.04808963178005758
2024-02-14,0.03049954,0.027173448,0.0026446688,0.07168403,0.030899492110424254
2024-02-15,0.018120104,0.0153294485,-0.011704534,0.059193082,0.023678250165421782
2024-02-16,0.023482723,0.019573601,-0.007881285,0.06565554,0.015002250332333848
2024-02-19,0.0202945,0.015807645,-0.011031355,0.06287175,0.015153067307291077
2024-02-20,0.034203295,0.028070515,0.0031588876,0.07819731,0.015106376637079515
2024-02-21,0.026153421,0.017935807,-0.003772412,0.07035438,0.02406147729101715
2024-02-22,0.021765953,0.01124914,-0.0024745052,0.06579959,0.024221876806972156
2024-02-23,0.0059677414,-0.0057107,-0.013198737,0.04910139,0.02088697370538828
2024-02-26,0.009741542,-0.0024996493,-0.006380361,0.052938357,0.00961084153487568
2024-02-27,0.052290857,0.037031263,0.03357369,0.09742667,0.006108638891703874
2024-02-28,0.046608787,0.029776707,0.026592487,0.091565266,0.031343895489201384
2024-02-29,0.027898954,0.009007594,0.00647846,0.070883304,0.042242269884890285
2024-03-01,0.027364872,0.0065949117,0.0048509883,0.06923373,0.032005075915184825
2024-03-04,0.028340284,0.006352225,0.004457399,0.069354996,0.02382960364345198
2024-03-05,0.014581634,-0.006890195,-0.007692316,0.05400531,0.020678989347433428
2024-03-06,0.031025026,0.008959115,0.007835299,0.070301235,0.011926031129100522
2024-03-07,0.024912009,0.0051992894,0.0013043728,0.06308903,0.01753205605860998
2024-03-08,0.018957231,0.00082335836,-0.00607628,0.056218848,0.018487702157338467
2024-03-11,0.017101642,-0.0004022264,-0.0090807155,0.05317066,0.014610975660643923
2024-03-12,0.039693367,0.020907803,0.014086221,0.07554023,0.010848107038324202
2024-03-13,0.035968434,0.016496489,0.011470767,0.07072309,0.023048544586385937
2024-03-14,0.021188186,0.0013047302,-0.0024265416,0.05456859,0.028354261920800223
2024-03-15,0.020721612,0.00056799094,-0.0022864726,0.05308323,0.0205038210941086
2024-03-18,0.019553816,-0.0009870286,-0.002696044,0.050687786,0.014979285020238087
2024-03-19,0.008213171,-0.011395466,-0.013461144,0.037705615,0.012144790257104195
2024-03-20,-0.0015562488,-0.020090964,-0.020098893,0.02650903,0.004680527322909278
2024-03-21,0.017852854,-0.00095113093,-0.00023486876,0.04548226,-0.004451261676393268
2024-03-22,-3.791218e-05,-0.018453239,-0.01599497,0.026357459,0.00274621020190399
2024-03-25,0.002838871,-0.015543482,-0.011851474,0.028480623,-0.0017538285455401693
2024-03-26,0.0041049942,-0.012153546,-0.00716475,0.028860595,-0.003713480533880169
2024-03-27,-0.0040856684,-0.017972874,-0.011457935,0.01959208,-0.0030444761047492444
2024-03-28,-0.0074649574,-0.019812575,-0.012120821,0.015398006,-0.006543936621103646
2024-04-02,0.0017584856,-0.0087837055,-0.0003173487,0.025022412,-0.010452286993377167
2024-04-03,-0.004562869,-0.01313503,-0.0038952604,0.018528264,-0.006568764791091665
2024-04-05,-0.021097565,-0.027620587,-0.017373335,0.0014975664,-0.0068138572782603
2024-04-08,-0.023526179,-0.02702353,-0.017322516,-0.0009757157,-0.01664016440838614
2024-04-09,-0.016565511,-0.017574476,-0.0064847404,0.0062354296,-0.023713256990933098
2024-04-10,0.0013491189,0.0017818805,0.011919094,0.024479406,-0.022165058150971965
2024-04-11,-0.012607651,-0.010740755,-0.0008006457,0.009780607,-0.009636802322462192
2024-04-12,-0.027215056,-0.022257514,-0.012761827,-0.0055391043,-0.009911134227107711
2024-04-15,-0.028905412,-0.021162942,-0.012544209,-0.00764421,-0.020043128885921562
2024-04-16,-0.039304353,-0.029048575,-0.020477233,-0.018559752,-0.027189543555107807
2024-04-17,-0.043883003,-0.03113353,-0.021290377,-0.023820497,-0.035464507341150385
2024-04-18,-0.05043556,-0.035331,-0.024390249,-0.031245442,-0.04145454924800153
2024-04-19,-0.05416325,-0.03744612,-0.026180612,-0.03625269,-0.046888043730961594
2024-04-22,-0.032174032,-0.014448289,-0.0033466571,-0.014779364,-0.051181305252365084
2024-04-23,-0.023615807,-0.005296972,0.0049019726,-0.0078104273,-0.041528840020744785
2024-04-24,-0.012426682,0.0057041063,0.017351434,0.002204332,-0.029573524765577962
2024-04-25,-0.004041529,0.014041298,0.025116675,0.009663346,-0.017175698795252544
2024-04-26,-0.005424022,0.012832415,0.02172488,0.007394732,-0.0068918290581986615
2024-04-29,-0.0052010436,0.012832415,0.019809203,0.0067623123,-0.003937276829624507
2024-04-30,-0.018448543,-0.00040505134,0.004395222,-0.0073517603,-0.0042294027528568786
2024-05-02,-0.0063403444,0.012196556,0.013305169,0.0039202743,-0.012954149851269426
2024-05-03,-0.0046347547,0.013899552,0.010745712,0.0048093945,-0.011582251882231614
2024-05-06,0.0035910401,0.020846,0.013339783,0.012005222,-0.008771005585593104
2024-05-07,0.013872757,0.029578075,0.0194446,0.021568574,-0.003054744177451372
2024-05-08,0.014524546,0.028972605,0.016584255,0.021694332,0.005619705757870202
2024-05-09,0.018754626,0.033147894,0.018283056,0.025847252,0.010008792689251459
2024-05-10,0.04087929,0.053901833,0.036638446,0.04809264,0.013832196741638004
2024-05-13,0.047074124,0.056597747,0.037468553,0.05355095,0.028661245998581247
2024-05-14,0.048385993,0.054313067,0.033429876,0.05414115,0.03950851847656972
2024-05-16,0.059387438,0.06120828,0.03697377,0.06535834,0.04349747843555704
2024-05-17,0.05149118,0.049175143,0.023859167,0.05752135,0.050303183847680816
2024-05-20,0.054649305,0.047701567,0.021410536,0.060793735,0.047712574439801377
2024-05-21,0.048915595,0.037628748,0.011836602,0.05531807,0.04715127300256925
2024-05-22,0.0521686,0.03711792,0.011329945,0.05850499,0.04340075885379099
2024-05-23,0.049802385,0.03161657,0.0057558254,0.056202978,0.043646387844032596
2024-05-24,0.029567515,0.009842711,-0.014819267,0.03582145,0.04284869719170447
2024-05-27,0.0429827,0.021102391,-0.0020396363,0.04959052,0.0302056148027159
2024-05-28,0.043426078,0.019078795,-0.001586027,0.049910218,0.032203835400857216
2024-05-29,0.020601459,-0.0048870733,-0.02149239,0.026651409,0.035399083771974274
2024-05-30,-0.0059218216,-0.031985234,-0.04171108,-0.00038211906,0.023404454763849232
2024-05-31,-0.0129592065,-0.03930444,-0.043368366,-0.007914168,0.0012710204884562421
2024-06-03,0.0062587615,-0.021520888,-0.020514615,0.011185827,-0.013589831478423634
2024-06-04,0.02798457,-0.0013680175,0.0030060199,0.033239182,-0.00819617234863162
2024-06-05,0.018586067,-0.010532068,-0.0025504858,0.024004616,0.010516443819186542
2024-06-06,0.032409362,0.002094469,0.012977298,0.037895255,0.01585630361305014
2024-06-07,0.04399814,0.012750268,0.023719616,0.049938325,0.024034637234505492
2024-06-11,0.047578827,0.016553497,0.02758181,0.053973798,0.03420300978223936
2024-06-12,0.03164696,0.0021235505,0.013540363,0.03819163,0.0406098400624728
2024-06-13,0.050851747,0.021464044,0.030214485,0.058119606,0.03275655278892181
2024-06-14,0.036161467,0.008888912,0.012148954,0.043829508,0.039202383861987565
2024-06-17,0.011905472,-0.012928758,-0.014193161,0.019072035,0.03403043462710056
2024-06-18,0.019831201,-0.0033290153,-0.007851024,0.027058503,0.015464417923971553
2024-06-19,0.03034017,0.008570967,0.0025370668,0.037981167,0.010593566135926035
2024-06-20,0.022769416,0.0031861102,-0.0049903975,0.030538527,0.017128844193546464
2024-06-21,-0.0007226316,-0.017447473,-0.025084672,0.006677573,0.017610460021579347
2024-06-24,-0.0017263425,-0.017309936,-0.022393776,0.0052238028,0.003708294337508122
2024-06-25,-0.02461655,-0.037175357,-0.038775347,-0.018061124,-0.004730153857159037
2024-06-26,-0.0032819796,-0.013701355,-0.014413715,0.0036009296,-0.019874890463955935
2024-06-27,-0.021037195,-0.029452179,-0.025327368,-0.0141211795,-0.01542283893581635
2024-06-28,-0.006998506,-0.0152165415,-0.0068466137,0.00041780085,-0.019134873891972125
2024-07-02,0.00122887,-0.00728561,0.0029127111,0.009400307,-0.013883641425190607
2024-07-03,0.0067984844,-0.0011288114,0.010474986,0.016066078,-0.005414836098311207
2024-07-04,0.0021347343,-0.0038552624,0.009311888,0.012661835,0.0023217021454161775
2024-07-05,-0.011241837,-0.01574186,-0.00071205676,-0.00012841824,0.003267706091694336
2024-07-08,-0.01807839,-0.020411342,-0.0060980516,-0.0060384893,-0.005071489034473303
2024-07-09,-0.019987227,-0.01971512,-0.0066591776,-0.007367109,-0.01416482864687964
2024-07-10,-0.011747822,-0.009016125,-7.9175894e-05,0.0013785709,-0.019428773255917926
2024-07-11,0.0077683213,0.011725014,0.01847463,0.021664683,-0.016734112057608507
2024-07-12,0.025307707,0.030992549,0.031640094,0.04016525,-0.0029445822131347874
2024-07-15,0.010853995,0.018093305,0.01550262,0.026235446,0.015150146346116016
2024-07-16,0.008375769,0.015845636,0.012272333,0.024268681,0.014785175227864777
2024-07-17,0.0113001745,0.019328,0.01483213,0.0277814,0.01008870184139777
2024-07-18,0.01810339,0.026927467,0.020169785,0.035319675,0.008979362515126406
2024-07-19,0.008962308,0.018184599,0.008775271,0.026287781,0.0131285133499848
2024-07-22,0.020553475,0.028790468,0.016464395,0.03842348,0.010059745578320506
2024-07-23,0.01677342,0.02385886,0.008849632,0.03464347,0.014305720314986916
2024-07-24,0.015791234,0.020169785,0.004524218,0.033289723,0.014376777166429214
2024-07-25,0.022544928,0.025023334,0.009181358,0.040193293,0.012683588370997836
2024-07-26,0.02083281,0.020534674,0.0074198777,0.038397618,0.015595324673776325
2024-07-29,0.036088463,0.033030685,0.01959885,0.053593382,0.0164598248615524
2024-07-30,0.031905625,0.0268666,0.012927771,0.049124017,0.025516667362133615
2024-07-31,0.038502667,0.031498745,0.016602188,0.05562169,0.027577092511013215
2024-08-01,0.06984776,0.05956718,0.04267194,0.08757429,0.03125191501791324
2024-08-02,0.059674505,0.046045892,0.02804442,0.07732248,0.052172345651046476
2024-08-05,0.05497342,0.03783621,0.020392919,0.07256738,0.055556368589533424
2024-08-06,0.040894844,0.021195993,0.0048416355,0.058489777,0.051280394389370085
2024-08-07,0.06740059,0.043668184,0.025925826,0.08566601,0.0394607100916228
2024-08-08,0.06313442,0.03709832,0.01828648,0.08174195,0.05033069453303369
2024-08-09,0.061484724,0.03449576,0.013503677,0.08092083,0.05477766418484319
2024-08-12,0.058542084,0.030543,0.009583817,0.079176895,0.05503271178458805
2024-08-13,0.06970706,0.039985225,0.01783773,0.09212747,0.05306440123276484
2024-08-14,0.073446535,0.041828934,0.018840726,0.09717048,0.05933025042771217
2024-08-15,0.068548605,0.03533572,0.014545076,0.09276414,0.06518467628000692
2024-08-16,0.05685223,0.02233815,0.0038301111,0.081371084,0.06455085751074496
2024-08-19,0.047920123,0.012593153,-0.0043321396,0.072627544,0.056181782143985504
2024-08-20,0.044624466,0.007984922,-0.008431079,0.0691835,0.046488006175746485
2024-08-21,0.044447854,0.006247965,-0.007138234,0.06887569,0.040278683540681835
2024-08-22,0.041729756,0.0027346746,-0.008151273,0.06627513,0.03837788295887406
2024-08-23,0.039458655,-0.00076407095,-0.009021942,0.06361482,0.036793008172730145
2024-08-26,0.04880283,0.007591277,0.0005769508,0.07319218,0.0347345651046479
2024-08-27,0.061854675,0.019343551,0.01434642,0.08732447,0.03948935339457416
2024-08-28,0.06365345,0.020341752,0.017510977,0.08974385,0.05055067569581468
2024-08-29,0.05456342,0.012420479,0.010304763,0.08051386,0.05690060684458698
2024-08-30,0.049943786,0.008548959,0.0067695114,0.07594432,0.05293128885921563
2024-09-02,0.0409198,0.00089291536,-0.0007462843,0.06733005,0.04693813225396863
2024-09-03,0.03457439,-0.0046717967,-0.0055658063,0.061614126,0.03863856384088511
2024-09-04,0.041918684,0.004390565,0.0025307976,0.070372276,0.03123058902076267
2024-09-05,0.046516683,0.010066745,0.006909449,0.0757951,0.03330675159311607
2024-09-09,0.04400185,0.009208238,0.004629449,0.07424055,0.038392040678855224
2024-09-10,0.048387084,0.01450357,0.009194668,0.079445004,0.039435554058645746
2024-09-11,0.025738224,-0.00532546,-0.009453675,0.056350425,0.04197529999463497
2024-09-12,0.03660209,0.0071115703,0.0034822167,0.067682326,0.029328730335672088
2024-09-13,0.03908485,0.011215852,0.0073313364,0.070444435,0.029100284346628674
2024-09-16,0.04558262,0.018745221,0.014336138,0.07790923,0.03227261211423939
2024-09-17,0.05173971,0.025445577,0.01974859,0.08532376,0.038352294742866
2024-09-19,0.04752292,0.021993902,0.014814317,0.08215319,0.04500704905426431
2024-09-20,0.052183706,0.026854772,0.01869033,0.08813459,0.04485301306086925
2024-09-23,0.047709316,0.022403896,0.014162699,0.08421532,0.046677034091789714
2024-09-24,0.049412675,0.023444168,0.014976201,0.08634428,0.04456204956096165
2024-09-25,0.0464718,0.020737663,0.012254654,0.0837867,0.04407055313466823
2024-09-26,0.02420205,0.0004985636,-0.009543985,0.06113739,0.04227085357638909
2024-09-27,0.024661537,0.002471742,-0.008404574,0.061988413,0.027561697853391593
2024-09-30,0.0038018906,-0.016372347,-0.026166879,0.040464807,0.020453240776618004
2024-10-02,0.008910732,-0.009964635,-0.018274536,0.0461892,0.006273106889295572
2024-10-03,0.0019954566,-0.01574936,-0.021028632,0.039153438,0.002836238398121047
2024-10-04,0.00013644564,-0.016709499,-0.018881358,0.037458494,-0.0006487067295368786
2024-10-07,-0.006695905,-0.021933403,-0.020463774,0.030780187,-0.0027783109691033843
2024-10-08,-0.036736008,-0.04905112,-0.043158647,-0.00035335965,-0.006971574278850453
2024-10-09,-0.039900247,-0.04960155,-0.038698845,-0.003581791,-0.025468888782912973
2024-10-10,-0.03633119,-0.043540873,-0.02801145,3.597653e-05,-0.03743967321001711
2024-10-14,-0.029347705,-0.035163663,-0.016236966,0.00727184,-0.0396136283702825
2024-10-15,-0.038019743,-0.041635,-0.01950636,-0.0019142084,-0.03465546070711105
2024-10-16,-0.03954653,-0.041309092,-0.017876962,-0.0043509835,-0.0350947822095581
2024-10-17,-0.039063547,-0.038384665,-0.01333925,-0.004494552,-0.03717016983302832
2024-10-18,-0.027257897,-0.023928426,0.0014198252,0.0072542853,-0.03812505588573677
2024-10-21,-0.0273025,-0.02114769,0.004196556,0.0067876037,-0.03184984769273873
2024-10-22,-0.026843091,-0.017991366,0.006383687,0.00645483,-0.027314459353931078
2024-10-23,-0.02928896,-0.017719274,0.0027771704,0.0031565418,-0.025203021704529874
2024-10-24,-0.026691327,-0.012209155,0.0038985647,0.0048772637,-0.0263975756022247
2024-10-25,-0.028426096,-0.011029673,0.0011240478,0.0018678257,-0.02642516080189326
2024-10-28,-0.024159709,-0.0051189824,0.0047202585,0.00474981,-0.02738666372583501
2024-10-29,-0.02627237,-0.005615307,0.0009732428,0.0010973488,-0.025772594230803622
2024-10-30,-0.031246915,-0.009797734,-0.005388414,-0.0052771964,-0.025948090347117488
2024-10-31,-0.036298774,-0.01336907,-0.0111533925,-0.011668149,-0.02924543823359344
2024-11-01,-0.026352426,-0.0020199548,-0.0009736063,-0.0023129599,-0.03406918207125953
2024-11-04,-0.023783764,0.0017231969,0.0014980951,-0.0003445863,-0.030933172581116285
2024-11-05,-0.020525606,0.0057752356,0.004419233,0.0023848866,-0.02634484927244222
2024-11-06,-0.03311357,-0.007539094,-0.008097164,-0.011333917,-0.02190348309717263
2024-11-07,-0.031864397,-0.0067888694,-0.0062297783,-0.010667459,-0.026936835704875622
2024-11-08,-0.029713757,-0.0051766047,-0.0039810184,-0.00939349,-0.03018025012965491
2024-11-11,-0.028742665,-0.0046912427,-0.0028575188,-0.00983376,-0.030304659231131487
2024-11-12,-0.026979987,-0.0039406284,-0.0013545601,-0.0094540315,-0.02926530375015648
2024-11-13,-0.03112726,-0.009046223,-0.0059492937,-0.01488339,-0.02768148706729537
2024-11-14,-0.0402845,-0.0188934,-0.015379966,-0.025489224,-0.02924503585628871
2024-11-15,-0.030639924,-0.0090597235,-0.0051327986,-0.016992856,-0.03562784272114359
2024-11-18,-0.03134147,-0.009669948,-0.0050653685,-0.018933877,-0.034228210523805834
2024-11-19,-0.019550154,0.00195714,0.0070362682,-0.00852887,-0.03240536681907328
2024-11-20,-0.014331689,0.006436002,0.010505541,-0.004677754,-0.024887528091897017
2024-11-21,-0.011362058,0.008656263,0.011549666,-0.0032473605,-0.017724228478775344
2024-11-22,-0.016262703,0.002785482,0.0050554313,-0.009797411,-0.01315909402514411
2024-11-25,-0.030159721,-0.011191984,-0.008988647,-0.025023999,-0.014712449255751015
2024-11-26,-0.03702387,-0.018150259,-0.0153636355,-0.033410627,-0.024277643320834798
2024-11-27,-0.032033287,-0.0135206375,-0.0105310595,-0.029973473,-0.033764925217432774
2024-11-28,-0.031295493,-0.013680031,-0.011213838,-0.031100454,-0.035580749673627295
2024-11-29,-0.028909609,-0.011878618,-0.009555536,-0.030806316,-0.03481554726294016
2024-12-02,-0.035697665,-0.019010354,-0.016681217,-0.039724983,-0.032685361811711264
2024-12-03,-0.01678174,-0.00052869046,0.0019716136,-0.022968732,-0.0351109518160629
2024-12-04,-0.015205031,-0.00032825285,0.0034432095,-0.023253638,-0.026954316763336574
2024-12-05,-0.014290554,-0.00081786775,0.004456101,-0.024107466,-0.020407339958152762
2024-12-06,-0.011888079,0.00026303408,0.006323312,-0.023593433,-0.017154253575196867
2024-12-09,-0.009166119,0.002034355,0.0072707296,-0.022360757,-0.01512513934177034
2024-12-10,-0.0027034492,0.0074085733,0.01067514,-0.017405186,-0.013186023498834597
2024-12-11,-0.012373895,-0.0030471669,-0.0006003829,-0.027978363,-0.009079554464003624
2024-12-12,-0.009791851,-0.0018425595,0.00019971428,-0.02668038,-0.012472012423026712
2024-12-13,-0.020787982,-0.013379335,-0.011529554,-0.038608357,-0.013995412898726103
2024-12-16,-0.014396521,-0.0076167136,-0.0069887005,-0.033421185,-0.020566979428087724
2024-12-17,-0.020932678,-0.0139614185,-0.013001029,-0.04087757,-0.021010995332423264
2024-12-18,-0.01521237,-0.0072807935,-0.006469542,-0.035612203,-0.02353223191239501
2024-12-19,-0.025375756,-0.016121011,-0.015128132,-0.04596043,-0.02143480295434359
2024-12-20,-0.024777193,-0.014481562,-0.012918698,-0.045702375,-0.024782254266689716
2024-12-23,-0.012783489,-0.002574898,-7.7357414e-05,-0.03436662,-0.026591402240198386
2024-12-24,-0.007934578,0.0017296056,0.005894145,-0.029740382,-0.020544654939106902
2024-12-27,-0.012968294,-0.003545941,0.0012418076,-0.034490734,-0.01342987904836277
2024-12-30,-0.0058960062,0.0031507518,0.008462058,-0.027415851,-0.01264934159150656
2024-12-31,0.0012838568,0.009531899,0.013717752,-0.020438068,-0.009407506870219906
2025-01-02,-0.017190712,-0.009801676,-0.0048863837,-0.038865894,-0.003842420105750717
2025-01-03,-0.015775193,-0.00822616,-0.0041879844,-0.037574023,-0.01158529206631178
2025-01-06,-0.014432813,-0.0066864807,-0.0030258098,-0.036316287,-0.016484906380213767
2025-01-07,-0.022088325,-0.014046345,-0.011406829,-0.04398248,-0.017589506596007224
2025-01-08,-0.02436318,-0.015809009,-0.014051663,-0.046380334,-0.02166272734317717
2025-01-09,-0.026507812,-0.017347757,-0.015245781,-0.048626415,-0.025218997573813882
2025-01-10,-0.019600801,-0.009600797,-0.0072469297,-0.04185217,-0.027790933694181327
2025-01-13,-0.022738915,-0.012297616,-0.00952231,-0.044844206,-0.024825800432779144
2025-01-14,-0.013083346,-0.0021421146,0.0012506236,-0.035215046,-0.023975681507931303
2025-01-15,-0.010961484,-0.00046746168,0.0047771577,-0.0331963,-0.018416213122865163
2025-01-16,-0.000506967,0.009542386,0.013925847,-0.022999287,-0.013751587154924205
2025-01-17,0.011327375,0.02011439,0.023499094,-0.01139016,-0.006090978998885266
2025-01-20,0.017361088,0.0251826,0.027018547,-0.005128986,0.00426029638814209
2025-01-21,0.011949847,0.018317264,0.018554425,-0.010143761,0.012493621574576909
2025-01-22,-0.002393894,0.0029086873,0.0020148964,-0.023976032,0.012030738645508575
2025-01-23,-0.0020827302,0.002830907,-7.731746e-05,-0.023328241,0.0017656167102823794
2025-01-24,-0.00024292184,0.004459962,-0.00015441481,-0.021146385,-0.00422461893378956
2025-01-27,-0.0038374895,0.00058168336,-0.005627118,-0.024291836,-0.005228937783526971
2025-01-28,-0.0015145944,0.0031421096,-0.004235631,-0.02143771,-0.006848118960614713
2025-02-03,-0.0020820987,0.0029887764,-0.005694936,-0.021670893,-0.00609194768498924
2025-02-04,-0.0019078176,0.0026385153,-0.005388757,-0.021190742,-0.005595265062323774
2025-02-05,-0.011352388,-0.0072573465,-0.012964955,-0.030373486,-0.005217864956215388
2025-02-06,-0.006113672,-0.0026002107,-0.005725763,-0.025133252,-0.010205435968358241
2025-02-07,-0.013053256,-0.010400528,-0.010630897,-0.031959184,-0.010159922624334588
2025-02-10,-0.011618904,-0.009854899,-0.008547012,-0.030379191,-0.013120078329448654
2025-02-11,-0.012780498,-0.01171359,-0.008637447,-0.0312677,-0.014147287976966134
2025-02-12,-0.00648209,-0.005816256,-0.0014021295,-0.02448303,-0.014935872979916902
2025-02-13,-0.0070661297,-0.0070536667,-0.0014809712,-0.024490198,-0.0116187340911936
2025-02-14,-0.0061307196,-0.0063171396,0.00015598578,-0.0228923,-0.00976766436367755
2025-02-17,0.00088391337,0.000348785,0.007256082,-0.015167126,-0.008584451544830793
2025-02-18,-1.555326e-05,-0.00019380664,0.0066328035,-0.015071177,-0.004238880973812689
2025-02-19,-0.002822451,-0.0023273416,0.0029636954,-0.017162936,-0.002234311755974558
2025-02-20,-0.0025285399,-0.0010486265,0.0028854772,-0.016221216,-0.0034397447437601713
2025-02-21,3.0959898e-05,0.0021768818,0.0041286163,-0.012965874,-0.0043610695486816925
2025-02-24,0.029920524,0.031096019,0.03033603,0.017577572,-0.0034090150399694787
2025-02-25,0.012114401,0.012766334,0.010061957,0.00058622134,0.014458549176467782
2025-02-26,0.015295259,0.015318883,0.0110449195,0.004280213,0.013980241784051552
2025-02-27,0.0014739911,0.0013186336,-0.0036273017,-0.008976536,0.012735405626128892
2025-02-28,0.00012406886,-7.7649616e-05,-0.0057082,-0.00987636,0.003647550267357365
2025-03-03,-0.00068273704,-0.0006982477,-0.0062494967,-0.0100611225,-0.0022234475687469076
2025-03-04,0.0054773963,0.0053525935,-0.00053981744,-0.003393751,-0.004572034479264156
2025-03-05,0.019711882,0.018669177,0.011849825,0.011534302,-0.0012837326307130125
2025-03-06,0.02690885,0.024827864,0.016494013,0.01914958,0.009394034681943095
2025-03-07,0.01468276,0.01179275,0.0033102015,0.0075554075,0.019287225861832576
2025-03-10,0.010283554,0.006735417,0.001184115,0.0037226737,0.015929566088236872
2025-03-11,0.013933021,0.009269694,0.0047162394,0.0077688093,0.010194944352709042
2025-03-12,0.0060001356,0.0007323266,-0.0023924375,3.76356e-05,0.009349624149791657
2025-03-13,0.0066218055,0.00075673405,-0.0023557325,0.0009027362,0.005126570016631595
2025-03-14,-0.0011363671,-0.0074124634,-0.010291532,-0.0067832717,0.003158229659082103
2025-03-17,0.0037737621,-0.002925325,-0.006261023,-0.0018424782,-0.001953541814453393
2025-03-18,0.008199883,0.0012860129,-0.0020918427,0.003053452,-0.0019819168658682705
2025-03-19,0.010225155,0.0028720282,0.0009533428,0.00557248,0.001383924579590231
2025-03-20,0.004491836,-0.0030943456,-0.0025054743,0.00026553494,0.004794355391557826
2025-03-21,0.0064250147,-0.0012359391,0.00047004686,0.0028087806,0.0032086013364887663
2025-03-24,0.0059310435,-0.00022946487,0.0007052513,0.0029737595,0.0029229581587214538
2025-03-25,-0.0031121364,-0.008290927,-0.0064354255,-0.0053782794,0.002849025054693508
2025-03-26,-0.006453239,-0.010567697,-0.00856315,-0.0082332045,-0.002149544270445238
2025-03-27,-0.004407013,-0.008159362,-0.005346753,-0.0056712637,-0.006919220520646426
2025-03-28,-0.0014531986,-0.0051991916,-0.0024369038,-0.0024144165,-0.007806641311928848
2025-03-31,-0.0023876638,-0.0061582588,-0.0029094727,-0.002981041,-0.00598275440677663
2025-04-01,0.010770177,0.006627685,0.009902553,0.010496503,-0.005252424695832564
2025-04-02,0.0015370261,-0.0021085793,0.0011010567,0.0012947135,0.002390687498882285
2025-04-03,0.0064936727,0.0034127121,0.0054241135,0.0060640075,0.0014351159144694878
2025-04-07,0.0043074507,0.0014126364,0.0031446381,0.0037854102,0.002398779753566255
2025-04-08,-0.021274542,-0.02306755,-0.020179728,-0.021826489,0.001630000655725978
2025-04-09,-0.03401509,-0.034189425,-0.030523533,-0.034731895,-0.01337363564287971
2025-04-10,-0.011698445,-0.011313913,-0.0077544,-0.012412853,-0.02907588835967166
2025-04-11,-0.0146107245,-0.01345647,-0.00974414,-0.01531179,-0.024334393423664554
2025-04-14,-0.0019598433,-0.00082871504,0.0031695499,-0.0026857767,-0.019824429369370445
2025-04-15,0.0003804058,0.0016575956,0.0054670842,-0.00023219497,-0.010440364702866715
2025-04-16,0.0158013,0.017002603,0.02099006,0.015440668,-0.0040498381549063205
2025-04-17,0.019881472,0.02117259,0.023958273,0.020152004,0.007250988059826054
2025-04-22,0.02241261,0.023318075,0.025499308,0.023302346,0.015198729679946111
2025-04-23,0.027028974,0.027658666,0.02858945,0.028782943,0.019417312954164753
2025-04-24,0.033847895,0.033940934,0.030540353,0.036481176,0.023230776796838208
2025-04-25,0.03431026,0.033401277,0.024723992,0.03770189,0.02831700476295506
2025-04-28,0.039472833,0.037071932,0.02520502,0.04349085,0.030097658462143746
2025-04-29,0.04217723,0.038302533,0.022666166,0.046913024,0.03312951184181505
2025-04-30,0.037151676,0.03210754,0.014149251,0.042503342,0.035763339552794884
2025-05-02,0.04307241,0.03641018,0.015904376,0.049033012,0.03352595780701388
2025-05-06,0.05187307,0.043949656,0.021212103,0.058496587,0.03548093029632853
2025-05-07,0.04816686,0.03873033,0.015094299,0.055603568,0.042372759354527195
2025-05-08,0.052900568,0.041931503,0.01698746,0.061275866,0.0435968656298248
2025-05-09,0.052212738,0.0395793,0.0140803,0.061437406,0.046438603184443795
2025-05-12,0.040730413,0.02501335,0.0017941969,0.04996997,0.047340315821475625
2025-05-13,0.03444506,0.015502972,-0.0045553413,0.04406901,0.04008527418287602
2025-05-14,0.0298634,0.00885032,-0.008437171,0.03983533,0.032272328959839766
2025-05-15,0.022050636,-0.0006062525,-0.014274079,0.032434583,0.026402597867102227
2025-05-16,0.022704743,-0.0011719846,-0.01241029,0.033646088,0.019876574487490535
2025-05-19,0.019521866,-0.0052830493,-0.013399236,0.030843249,0.01771424356047284
2025-05-20,0.024086751,-0.0013565865,-0.00644865,0.03585975,0.015729331219113817
2025-05-21,0.030341709,0.0039509884,0.001125611,0.042281218,0.0178797547584842
2025-05-22,0.030553766,0.003344435,0.0032313517,0.04249621,0.023063954146870697
2025-05-23,0.029758843,0.0022522074,0.004665842,0.041818783,0.025721075032935328
2025-05-26,0.028885843,0.001537899,0.0050440193,0.041142233,0.02593674926826942
2025-05-27,0.02733916,0.0001873541,0.0042155357,0.039814495,0.02496354759676429
2025-05-28,0.021884438,-0.0043857037,-0.0003009926,0.03468889,0.023236261050473016
2025-05-29,0.023326632,-0.0021366668,0.0010529679,0.03649696,0.019058824581378576
2025-05-30,0.022304844,-0.0023236529,0.0003006352,0.036039457,0.01771153123938171
2025-06-02,0.021834396,-0.0017426946,-0.00026645363,0.036119867,0.016918296543131865
2025-06-03,0.035397273,0.0125314025,0.012175086,0.05029177,0.016389736696214078
2025-06-04,0.020660508,-0.0006262461,-0.0013380372,0.035574175,0.024328462084135603
2025-06-05,0.02579834,0.005894769,0.004286047,0.041201986,0.020043367331731773
2025-06-06,0.021019908,0.002798076,0.000456608,0.03659051,0.019766323105995125
2025-06-09,0.019349953,0.00224198,-0.0002722201,0.035093732,0.017346589926856747
2025-06-10,0.020545967,0.004340493,0.0017215649,0.03667288,0.015166152021126299
2025-06-11,0.018615315,0.0032564797,0.00031722366,0.035193335,0.015134379116915942
2025-06-12,0.015998451,0.0011536913,-0.0014652972,0.032911617,0.014393736624680334
2025-06-13,0.014984186,0.0006419802,-0.0017367435,0.03228848,0.012508584049167526
2025-06-16,0.013956536,1.8383636e-05,-0.0019628436,0.03168174,0.010988521814811062
2025-06-17,0.013192414,-0.0003424355,-0.00075584126,0.031177307,0.009833520115884663
2025-06-18,0.01149496,-0.0010845729,-0.0015871595,0.030018818,0.009152682813422115
2025-06-19,0.006909228,-0.0046260254,-0.004463231,0.02584557,0.00805444612018861
2025-06-20,0.0068564145,-0.0036677408,-0.0032544425,0.026287867,0.005005454447908532
2025-06-23,0.0047897208,-0.004184495,-0.003558672,0.025032671,0.0034856157564991386
2025-06-24,0.009955527,0.002488121,0.0032558509,0.03149158,0.002125491049340399
2025-06-25,0.01613915,0.009306747,0.009986328,0.038656555,0.004962847162196801
2025-06-26,0.014643467,0.008673796,0.008993981,0.037998263,0.010578171478304412
2025-06-27,0.0074455705,0.0023037088,0.0025687465,0.03121203,0.012572830292155729
2025-06-30,0.0026598715,-0.0015859666,-0.0012088048,0.02679537,0.008523349805964722
2025-07-02,0.0034581472,0.00045327572,0.00015098612,0.027801245,0.0029949836962677267
2025-07-03,0.0065419506,0.0038901605,0.003321759,0.030992847,0.0008149332649788677
2025-07-04,0.0021888316,0.0002643255,-0.0010563593,0.026513707,0.002130155645502614
2025-07-07,-0.0012374095,-0.0026444625,-0.004299564,0.022769585,0.0006895405745351797
2025-07-08,-0.0029688173,-0.004005089,-0.0059581543,0.020602198,-0.002417020858047248
2025-07-09,-0.007604988,-0.008052051,-0.009512324,0.015373656,-0.005193990569468206
2025-07-10,-0.009807547,-0.009758703,-0.00983359,0.012555991,-0.009009049018497434
2025-07-11,-0.008183504,-0.007832817,-0.006517037,0.0135836685,-0.011963467121303344
2025-07-14,-0.008146776,-0.007419667,-0.0053109955,0.013072305,-0.012086087879203353
2025-07-15,-0.004268135,-0.0034077484,-0.0010626455,0.016452627,-0.01154845218863448
2025-07-16,-0.0054618623,-0.004620913,-0.0018232123,0.014433614,-0.008995040327147652
2025-07-17,-0.0022187582,-0.0014772839,0.0020527968,0.016984753,-0.008304575775097911
2025-07-18,0.0033112788,0.0034838046,0.007298147,0.021791523,-0.006486292346485607
2025-07-21,0.008752034,0.008212517,0.011696752,0.026560385,-0.0025175257670503656
2025-07-22,0.022032674,0.020523872,0.022882244,0.03995525,0.0024994485940638914
2025-07-23,0.022315776,0.02027716,0.020623988,0.04006108,0.012480596472194239
2025-07-24,0.01880216,0.016795639,0.014689261,0.036382914,0.017344175663028382
2025-07-25,0.015216454,0.013470206,0.009243275,0.032601878,0.016228636745691583
2025-07-28,0.023567908,0.021446584,0.014905221,0.041008037,0.012499284662569372
2025-07-29,0.02502155,0.022320997,0.013962586,0.042460345,0.015341290468724851
2025-07-30,0.033920165,0.030284815,0.019330854,0.05153813,0.018283652155252066
2025-07-31,0.027242143,0.022966115,0.010003742,0.04471941,0.02482931750847973
2025-08-01,0.01849679,0.013645197,-0.00014792892,0.035775904,0.023797055790358443
2025-08-04,0.016566843,0.011008747,-0.0029542244,0.033632655,0.016954525403420507
2025-08-05,0.008768805,0.0026938382,-0.009608248,0.025409969,0.012081348768725448
2025-08-06,-0.000364765,-0.0068800715,-0.016806126,0.01579833,0.005924812074895829
2025-08-07,0.0031335345,-0.004034716,-0.0120803835,0.019076651,-0.0018526196252824092
2025-08-08,0.0058620833,-0.002015438,-0.008675077,0.021563888,-0.003198795252543919
2025-08-11,0.011475949,0.00268378,-0.0020034,0.026962606,-0.001057864836992483
2025-08-12,0.006660888,-0.0026442846,-0.0050528147,0.021764625,0.003912880842667494
2025-08-13,0.008119121,-0.0021578614,-0.0013404393,0.022704821,0.0038443276722323894
2025-08-14,0.0011725158,-0.009370846,-0.005747575,0.015352136,0.003925488664882297
2025-08-15,-0.0062541137,-0.01669826,-0.010997205,0.0072682686,-2.6214136259858245e-05
2025-08-18,-0.0062391735,-0.016332436,-0.008921184,0.006830321,-0.006640745620048524
2025-08-19,-0.007712748,-0.01672313,-0.008934569,0.004885534,-0.009906648465303154
2025-08-20,-0.007638149,-0.015586523,-0.008338936,0.0043810066,-0.011552207710145273
2025-08-21,-0.009052322,-0.016014004,-0.008724393,0.0023410122,-0.01195302021424356
2025-08-22,-0.008992715,-0.015094873,-0.007305842,0.0018459619,-0.01267940066645604
2025-08-25,-0.005985126,-0.010886228,-0.002565258,0.004390094,-0.012957607315517457
2025-08-26,-0.0104072215,-0.013825881,-0.0053661615,-0.00062397204,-0.01113448045638528
2025-08-27,-0.0073695034,-0.008934586,-0.00075699727,0.0020547188,-0.01231520449708798
2025-08-28,-0.008091769,-0.008047014,-0.0005305251,0.00085441594,-0.011388693495794413
2025-08-29,-0.009610683,-0.008245866,-0.0016677597,-0.0010429893,-0.010959729483228318
2025-09-01,-0.0073993583,-0.0048625767,0.00075816846,0.00080693007,-0.011674783759455867
2025-09-02,-0.008500827,-0.005125156,-0.00020632494,-0.00092644646,-0.010916511180127927
2025-09-03,-0.023293775,-0.019265227,-0.013901622,-0.016851922,-0.011003037203507537
2025-09-04,-0.023500688,-0.01870795,-0.01312328,-0.018027322,-0.019497579775026377
2025-09-05,-0.017729556,-0.012146447,-0.006723661,-0.01317317,-0.024837305443121734
2025-09-08,-0.01665026,-0.009899504,-0.0047013965,-0.012793539,-0.023573274397477244
2025-09-09,-0.011185566,-0.003539078,0.00095180934,-0.007865767,-0.020940653818411592
2025-09-10,-0.0057952357,0.0026410888,0.0063725277,-0.002846121,-0.01625248132671249
2025-09-11,0.0003102012,0.00894401,0.011863137,0.0029168462,-0.010621166238457732
2025-09-12,0.0010003018,0.009454986,0.011731815,0.003361386,-0.004499189284245289
2025-09-15,0.0008693582,0.009198787,0.011063337,0.003095913,-0.0014494971773977216
2025-09-16,-0.0007822309,0.007410019,0.00890658,0.001396557,-0.000772132242046342
2025-09-17,0.00048731273,0.008610953,0.008120156,0.0027455492,-0.0018972835061071933
2025-09-18,-0.004278539,0.0038361596,0.0016056204,-0.0018954163,-0.0021534488205874115
2025-09-19,-0.010412167,-0.0021634405,-0.005271632,-0.007961897,-0.005015245628990242
2025-09-22,-0.016425533,-0.0077097174,-0.0114591755,-0.014005479,-0.010159952430060864
2025-09-23,-0.013303475,-0.004434701,-0.008251812,-0.010869034,-0.016125598349954993
2025-09-24,-0.013996872,-0.0048048208,-0.0082581695,-0.011439072,-0.017078338390371556
2025-09-25,-0.017597524,-0.0080929985,-0.010340889,-0.015043197,-0.016803917068547208
2025-09-26,-0.018784711,-0.009079602,-0.009900985,-0.016287405,-0.01814693328882345
2025-09-29,-0.018347377,-0.008416929,-0.007921239,-0.015999414,-0.019479651630671283
2025-09-30,-0.018389598,-0.00853785,-0.0067807436,-0.016569875,-0.0197100946033752
2025-10-02,-0.009437866,-0.00061500265,0.0029316605,-0.008118629,-0.019632122823436838
2025-10-03,-0.011164093,-0.0033809931,0.0016217398,-0.01036327,-0.01461292793571501
2025-10-06,-0.012158963,-0.005032458,0.0006181566,-0.011896508,-0.012577807848443843
2025-10-08,-0.009204414,-0.0029190083,0.0026263245,-0.009622521,-0.012862452534380906
2025-10-09,0.0012391062,0.0066418876,0.011652186,0.00015964101,-0.012069873564109136
2025-10-10,0.004203748,0.008674247,0.012638678,0.0023406437,-0.005894454942683589
2025-10-13,0.007004242,0.010899581,0.012998984,0.0045659607,-0.0008712958933670337
2025-10-14,0.005096072,0.008674254,0.008829139,0.0022450623,0.0024919971624948584
2025-10-15,0.010699706,0.013853234,0.011795397,0.007497828,0.002288915846512432
2025-10-16,0.010795743,0.01358096,0.00932156,0.0074113095,0.004639082460522316
2025-10-17,0.013706284,0.016299143,0.010447645,0.010336572,0.0058907441297622095
2025-10-20,0.015131939,0.017169997,0.009662913,0.011675459,0.008023537582040262
2025-10-21,0.012840652,0.014015432,0.0051624216,0.009248384,0.00981712696643279
2025-10-22,0.006969849,0.007040148,-0.002274404,0.0030724248,0.009030851907268425
2025-10-23,0.009376786,0.008525403,-0.0006061894,0.0052624997,0.004703269092057966
2025-10-24,0.011018802,0.009128808,0.00037869066,0.006819317,0.0037444337806179324
