,Date,Portfolio_Value,Capital,Position_Value,Shares,Peak,Drawdown,Daily_Return
0,2022-10-27,20000.0,20000.0,0.0,0,20000.0,0.0,
1,2022-10-28,20000.0,20000.0,0.0,0,20000.0,0.0,0.0
2,2022-10-31,20000.0,20000.0,0.0,0,20000.0,0.0,0.0
3,2022-11-01,20000.0,20000.0,0.0,0,20000.0,0.0,0.0
4,2022-11-02,20000.0,20000.0,0.0,0,20000.0,0.0,0.0
5,2022-11-03,20000.0,20000.0,0.0,0,20000.0,0.0,0.0
6,2022-11-04,20000.0,20000.0,0.0,0,20000.0,0.0,0.0
7,2022-11-07,20000.0,20000.0,0.0,0,20000.0,0.0,0.0
8,2022-11-08,20000.0,20000.0,0.0,0,20000.0,0.0,0.0
9,2022-11-09,20000.0,20000.0,0.0,0,20000.0,0.0,0.0
10,2022-11-10,20000.0,20000.0,0.0,0,20000.0,0.0,0.0
11,2022-11-11,20000.0,20000.0,0.0,0,20000.0,0.0,0.0
12,2022-11-14,20000.0,20000.0,0.0,0,20000.0,0.0,0.0
13,2022-11-15,20000.0,20000.0,0.0,0,20000.0,0.0,0.0
14,2022-11-16,20000.0,20000.0,0.0,0,20000.0,0.0,0.0
15,2022-11-17,20000.0,20000.0,0.0,0,20000.0,0.0,0.0
16,2022-11-18,20000.0,20000.0,0.0,0,20000.0,0.0,0.0
17,2022-11-21,20000.0,20000.0,0.0,0,20000.0,0.0,0.0
18,2022-11-22,20000.0,20000.0,0.0,0,20000.0,0.0,0.0
19,2022-11-23,20000.0,20000.0,0.0,0,20000.0,0.0,0.0
20,2022-11-24,20000.0,20000.0,0.0,0,20000.0,0.0,0.0
21,2022-11-25,20000.0,20000.0,0.0,0,20000.0,0.0,0.0
22,2022-11-28,20000.0,20000.0,0.0,0,20000.0,0.0,0.0
23,2022-11-29,20000.0,20000.0,0.0,0,20000.0,0.0,0.0
24,2022-11-30,20000.0,20000.0,0.0,0,20000.0,0.0,0.0
25,2022-12-01,20000.0,20000.0,0.0,0,20000.0,0.0,0.0
26,2022-12-02,20000.0,20000.0,0.0,0,20000.0,0.0,0.0
27,2022-12-05,20000.0,20000.0,0.0,0,20000.0,0.0,0.0
28,2022-12-06,20000.0,20000.0,0.0,0,20000.0,0.0,0.0
29,2022-12-07,20000.0,20000.0,0.0,0,20000.0,0.0,0.0
30,2022-12-08,20000.0,20000.0,0.0,0,20000.0,0.0,0.0
31,2022-12-09,20000.0,20000.0,0.0,0,20000.0,0.0,0.0
32,2022-12-12,20000.0,20000.0,0.0,0,20000.0,0.0,0.0
33,2022-12-13,20000.0,20000.0,0.0,0,20000.0,0.0,0.0
34,2022-12-14,20000.0,20000.0,0.0,0,20000.0,0.0,0.0
35,2022-12-15,20000.0,20000.0,0.0,0,20000.0,0.0,0.0
36,2022-12-16,20000.0,20000.0,0.0,0,20000.0,0.0,0.0
37,2022-12-19,20000.0,20000.0,0.0,0,20000.0,0.0,0.0
38,2022-12-20,20000.0,20000.0,0.0,0,20000.0,0.0,0.0
39,2022-12-21,20000.0,20000.0,0.0,0,20000.0,0.0,0.0
40,2022-12-22,20000.0,20000.0,0.0,0,20000.0,0.0,0.0
41,2022-12-23,20000.0,20000.0,0.0,0,20000.0,0.0,0.0
42,2022-12-28,20000.0,20000.0,0.0,0,20000.0,0.0,0.0
43,2022-12-29,20000.0,20000.0,0.0,0,20000.0,0.0,0.0
44,2022-12-30,20000.0,20000.0,0.0,0,20000.0,0.0,0.0
45,2023-01-03,20000.0,20000.0,0.0,0,20000.0,0.0,0.0
46,2023-01-04,20000.0,20000.0,0.0,0,20000.0,0.0,0.0
47,2023-01-05,20000.0,20000.0,0.0,0,20000.0,0.0,0.0
48,2023-01-06,20000.0,20000.0,0.0,0,20000.0,0.0,0.0
49,2023-01-09,20000.0,20000.0,0.0,0,20000.0,0.0,0.0
50,2023-01-10,20000.0,20000.0,0.0,0,20000.0,0.0,0.0
51,2023-01-11,20000.0,20000.0,0.0,0,20000.0,0.0,0.0
52,2023-01-12,20000.0,20000.0,0.0,0,20000.0,0.0,0.0
53,2023-01-13,20000.0,20000.0,0.0,0,20000.0,0.0,0.0
54,2023-01-16,20000.0,20000.0,0.0,0,20000.0,0.0,0.0
55,2023-01-17,20000.0,20000.0,0.0,0,20000.0,0.0,0.0
56,2023-01-18,20000.0,20000.0,0.0,0,20000.0,0.0,0.0
57,2023-01-19,20000.0,20000.0,0.0,0,20000.0,0.0,0.0
58,2023-01-20,20000.0,20000.0,0.0,0,20000.0,0.0,0.0
59,2023-01-26,20000.0,20000.0,0.0,0,20000.0,0.0,0.0
60,2023-01-27,20000.0,20000.0,0.0,0,20000.0,0.0,0.0
61,2023-01-30,20000.0,20000.0,0.0,0,20000.0,0.0,0.0
62,2023-01-31,20000.0,20000.0,0.0,0,20000.0,0.0,0.0
63,2023-02-01,20000.0,20000.0,0.0,0,20000.0,0.0,0.0
64,2023-02-02,20000.0,20000.0,0.0,0,20000.0,0.0,0.0
65,2023-02-03,20000.0,20000.0,0.0,0,20000.0,0.0,0.0
66,2023-02-06,20000.0,20000.0,0.0,0,20000.0,0.0,0.0
67,2023-02-07,20000.0,20000.0,0.0,0,20000.0,0.0,0.0
68,2023-02-08,20000.0,20000.0,0.0,0,20000.0,0.0,0.0
69,2023-02-09,20000.0,20000.0,0.0,0,20000.0,0.0,0.0
70,2023-02-10,20000.0,20000.0,0.0,0,20000.0,0.0,0.0
71,2023-02-13,20000.0,20000.0,0.0,0,20000.0,0.0,0.0
72,2023-02-14,20000.0,20000.0,0.0,0,20000.0,0.0,0.0
73,2023-02-15,20000.0,20000.0,0.0,0,20000.0,0.0,0.0
74,2023-02-16,20000.0,20000.0,0.0,0,20000.0,0.0,0.0
75,2023-02-17,20000.0,20000.0,0.0,0,20000.0,0.0,0.0
76,2023-02-20,20000.0,20000.0,0.0,0,20000.0,0.0,0.0
77,2023-02-21,20000.0,20000.0,0.0,0,20000.0,0.0,0.0
78,2023-02-22,20000.0,20000.0,0.0,0,20000.0,0.0,0.0
79,2023-02-23,20000.0,20000.0,0.0,0,20000.0,0.0,0.0
80,2023-02-24,20000.0,20000.0,0.0,0,20000.0,0.0,0.0
81,2023-02-27,20000.0,20000.0,0.0,0,20000.0,0.0,0.0
82,2023-02-28,20000.0,20000.0,0.0,0,20000.0,0.0,0.0
83,2023-03-01,20000.0,20000.0,0.0,0,20000.0,0.0,0.0
84,2023-03-02,20000.0,20000.0,0.0,0,20000.0,0.0,0.0
85,2023-03-03,20000.0,20000.0,0.0,0,20000.0,0.0,0.0
86,2023-03-06,20000.0,20000.0,0.0,0,20000.0,0.0,0.0
87,2023-03-07,20000.0,20000.0,0.0,0,20000.0,0.0,0.0
88,2023-03-08,20000.0,20000.0,0.0,0,20000.0,0.0,0.0
89,2023-03-09,20000.0,20000.0,0.0,0,20000.0,0.0,0.0
90,2023-03-10,20000.0,20000.0,0.0,0,20000.0,0.0,0.0
91,2023-03-13,20000.0,20000.0,0.0,0,20000.0,0.0,0.0
92,2023-03-14,20000.0,20000.0,0.0,0,20000.0,0.0,0.0
93,2023-03-15,20000.0,20000.0,0.0,0,20000.0,0.0,0.0
94,2023-03-16,20000.0,20000.0,0.0,0,20000.0,0.0,0.0
95,2023-03-17,20000.0,20000.0,0.0,0,20000.0,0.0,0.0
96,2023-03-20,20000.0,20000.0,0.0,0,20000.0,0.0,0.0
97,2023-03-21,20000.0,20000.0,0.0,0,20000.0,0.0,0.0
98,2023-03-22,20000.0,20000.0,0.0,0,20000.0,0.0,0.0
99,2023-03-23,20000.0,20000.0,0.0,0,20000.0,0.0,0.0
100,2023-03-24,20000.0,20000.0,0.0,0,20000.0,0.0,0.0
101,2023-03-27,20000.0,20000.0,0.0,0,20000.0,0.0,0.0
102,2023-03-28,20000.0,20000.0,0.0,0,20000.0,0.0,0.0
103,2023-03-29,20000.0,20000.0,0.0,0,20000.0,0.0,0.0
104,2023-03-30,20000.0,20000.0,0.0,0,20000.0,0.0,0.0
105,2023-03-31,20000.0,20000.0,0.0,0,20000.0,0.0,0.0
106,2023-04-03,20000.0,20000.0,0.0,0,20000.0,0.0,0.0
107,2023-04-04,20000.0,20000.0,0.0,0,20000.0,0.0,0.0
108,2023-04-06,20000.0,20000.0,0.0,0,20000.0,0.0,0.0
109,2023-04-11,20000.0,20000.0,0.0,0,20000.0,0.0,0.0
110,2023-04-12,20000.0,20000.0,0.0,0,20000.0,0.0,0.0
111,2023-04-13,20000.0,20000.0,0.0,0,20000.0,0.0,0.0
112,2023-04-14,20000.0,20000.0,0.0,0,20000.0,0.0,0.0
113,2023-04-17,20000.0,20000.0,0.0,0,20000.0,0.0,0.0
114,2023-04-18,20000.0,20000.0,0.0,0,20000.0,0.0,0.0
115,2023-04-19,20000.0,20000.0,0.0,0,20000.0,0.0,0.0
116,2023-04-20,20000.0,20000.0,0.0,0,20000.0,0.0,0.0
117,2023-04-21,20000.0,20000.0,0.0,0,20000.0,0.0,0.0
118,2023-04-24,20000.0,20000.0,0.0,0,20000.0,0.0,0.0
119,2023-04-25,20000.0,20000.0,0.0,0,20000.0,0.0,0.0
120,2023-04-26,20000.0,20000.0,0.0,0,20000.0,0.0,0.0
121,2023-04-27,20000.0,20000.0,0.0,0,20000.0,0.0,0.0
122,2023-04-28,20000.0,20000.0,0.0,0,20000.0,0.0,0.0
123,2023-05-02,20000.0,20000.0,0.0,0,20000.0,0.0,0.0
124,2023-05-03,20000.0,20000.0,0.0,0,20000.0,0.0,0.0
125,2023-05-04,20000.0,20000.0,0.0,0,20000.0,0.0,0.0
126,2023-05-05,20000.0,20000.0,0.0,0,20000.0,0.0,0.0
127,2023-05-08,20000.0,20000.0,0.0,0,20000.0,0.0,0.0
128,2023-05-09,20000.0,20000.0,0.0,0,20000.0,0.0,0.0
129,2023-05-10,20000.0,20000.0,0.0,0,20000.0,0.0,0.0
130,2023-05-11,20000.0,20000.0,0.0,0,20000.0,0.0,0.0
131,2023-05-12,20000.0,20000.0,0.0,0,20000.0,0.0,0.0
132,2023-05-15,20000.0,20000.0,0.0,0,20000.0,0.0,0.0
133,2023-05-16,20000.0,20000.0,0.0,0,20000.0,0.0,0.0
134,2023-05-17,20000.0,20000.0,0.0,0,20000.0,0.0,0.0
135,2023-05-18,20000.0,20000.0,0.0,0,20000.0,0.0,0.0
136,2023-05-19,20000.0,20000.0,0.0,0,20000.0,0.0,0.0
137,2023-05-22,20000.0,20000.0,0.0,0,20000.0,0.0,0.0
138,2023-05-23,20000.0,20000.0,0.0,0,20000.0,0.0,0.0
139,2023-05-24,20000.0,20000.0,0.0,0,20000.0,0.0,0.0
140,2023-05-25,20000.0,20000.0,0.0,0,20000.0,0.0,0.0
141,2023-05-29,20000.0,20000.0,0.0,0,20000.0,0.0,0.0
142,2023-05-30,20000.0,20000.0,0.0,0,20000.0,0.0,0.0
143,2023-05-31,20000.0,20000.0,0.0,0,20000.0,0.0,0.0
144,2023-06-01,20000.0,20000.0,0.0,0,20000.0,0.0,0.0
145,2023-06-02,20000.0,20000.0,0.0,0,20000.0,0.0,0.0
146,2023-06-05,20000.0,20000.0,0.0,0,20000.0,0.0,0.0
147,2023-06-06,20000.0,20000.0,0.0,0,20000.0,0.0,0.0
148,2023-06-07,20000.0,20000.0,0.0,0,20000.0,0.0,0.0
149,2023-06-08,20000.0,20000.0,0.0,0,20000.0,0.0,0.0
150,2023-06-09,20000.0,20000.0,0.0,0,20000.0,0.0,0.0
151,2023-06-12,20000.0,20000.0,0.0,0,20000.0,0.0,0.0
152,2023-06-13,20000.0,20000.0,0.0,0,20000.0,0.0,0.0
153,2023-06-14,20000.0,20000.0,0.0,0,20000.0,0.0,0.0
154,2023-06-15,20000.0,20000.0,0.0,0,20000.0,0.0,0.0
155,2023-06-16,20000.0,20000.0,0.0,0,20000.0,0.0,0.0
156,2023-06-19,20000.0,20000.0,0.0,0,20000.0,0.0,0.0
157,2023-06-20,20000.0,20000.0,0.0,0,20000.0,0.0,0.0
158,2023-06-21,20000.0,20000.0,0.0,0,20000.0,0.0,0.0
159,2023-06-23,20000.0,20000.0,0.0,0,20000.0,0.0,0.0
160,2023-06-26,20000.0,20000.0,0.0,0,20000.0,0.0,0.0
161,2023-06-27,20000.0,20000.0,0.0,0,20000.0,0.0,0.0
162,2023-06-28,20000.0,20000.0,0.0,0,20000.0,0.0,0.0
163,2023-06-29,20000.0,20000.0,0.0,0,20000.0,0.0,0.0
164,2023-06-30,20000.0,20000.0,0.0,0,20000.0,0.0,0.0
165,2023-07-03,20000.0,20000.0,0.0,0,20000.0,0.0,0.0
166,2023-07-04,20000.0,20000.0,0.0,0,20000.0,0.0,0.0
167,2023-07-05,20000.0,20000.0,0.0,0,20000.0,0.0,0.0
168,2023-07-06,20000.0,20000.0,0.0,0,20000.0,0.0,0.0
169,2023-07-07,20000.0,20000.0,0.0,0,20000.0,0.0,0.0
170,2023-07-10,20000.0,20000.0,0.0,0,20000.0,0.0,0.0
171,2023-07-11,20000.0,20000.0,0.0,0,20000.0,0.0,0.0
172,2023-07-12,20000.0,20000.0,0.0,0,20000.0,0.0,0.0
173,2023-07-13,20000.0,20000.0,0.0,0,20000.0,0.0,0.0
174,2023-07-14,20000.0,20000.0,0.0,0,20000.0,0.0,0.0
175,2023-07-18,20000.0,20000.0,0.0,0,20000.0,0.0,0.0
176,2023-07-19,20000.0,20000.0,0.0,0,20000.0,0.0,0.0
177,2023-07-20,20000.0,20000.0,0.0,0,20000.0,0.0,0.0
178,2023-07-21,20000.0,20000.0,0.0,0,20000.0,0.0,0.0
179,2023-07-24,20000.0,20000.0,0.0,0,20000.0,0.0,0.0
180,2023-07-25,20000.0,20000.0,0.0,0,20000.0,0.0,0.0
181,2023-07-26,20000.0,20000.0,0.0,0,20000.0,0.0,0.0
182,2023-07-27,20000.0,20000.0,0.0,0,20000.0,0.0,0.0
183,2023-07-28,20000.0,20000.0,0.0,0,20000.0,0.0,0.0
184,2023-07-31,20000.0,20000.0,0.0,0,20000.0,0.0,0.0
185,2023-08-01,20000.0,20000.0,0.0,0,20000.0,0.0,0.0
186,2023-08-02,20000.0,20000.0,0.0,0,20000.0,0.0,0.0
187,2023-08-03,20000.0,20000.0,0.0,0,20000.0,0.0,0.0
188,2023-08-04,20000.0,20000.0,0.0,0,20000.0,0.0,0.0
189,2023-08-07,20000.0,20000.0,0.0,0,20000.0,0.0,0.0
190,2023-08-08,20000.0,20000.0,0.0,0,20000.0,0.0,0.0
191,2023-08-09,20000.0,20000.0,0.0,0,20000.0,0.0,0.0
192,2023-08-10,20000.0,20000.0,0.0,0,20000.0,0.0,0.0
193,2023-08-11,20000.0,20000.0,0.0,0,20000.0,0.0,0.0
194,2023-08-14,20000.0,20000.0,0.0,0,20000.0,0.0,0.0
195,2023-08-15,20000.0,20000.0,0.0,0,20000.0,0.0,0.0
196,2023-08-16,20000.0,20000.0,0.0,0,20000.0,0.0,0.0
197,2023-08-17,20000.0,20000.0,0.0,0,20000.0,0.0,0.0
198,2023-08-18,20000.0,20000.0,0.0,0,20000.0,0.0,0.0
199,2023-08-21,20000.0,20000.0,0.0,0,20000.0,0.0,0.0
200,2023-08-22,20000.0,20000.0,0.0,0,20000.0,0.0,0.0
201,2023-08-23,20000.0,20000.0,0.0,0,20000.0,0.0,0.0
202,2023-08-24,20000.0,20000.0,0.0,0,20000.0,0.0,0.0
203,2023-08-25,20000.0,20000.0,0.0,0,20000.0,0.0,0.0
204,2023-08-28,20000.0,20000.0,0.0,0,20000.0,0.0,0.0
205,2023-08-29,20000.0,20000.0,0.0,0,20000.0,0.0,0.0
206,2023-08-30,20000.0,20000.0,0.0,0,20000.0,0.0,0.0
207,2023-08-31,20000.0,20000.0,0.0,0,20000.0,0.0,0.0
208,2023-09-04,20000.0,20000.0,0.0,0,20000.0,0.0,0.0
209,2023-09-05,20000.0,20000.0,0.0,0,20000.0,0.0,0.0
210,2023-09-06,20000.0,20000.0,0.0,0,20000.0,0.0,0.0
211,2023-09-07,20000.0,20000.0,0.0,0,20000.0,0.0,0.0
212,2023-09-11,20000.0,20000.0,0.0,0,20000.0,0.0,0.0
213,2023-09-12,20000.0,20000.0,0.0,0,20000.0,0.0,0.0
214,2023-09-13,20000.0,20000.0,0.0,0,20000.0,0.0,0.0
215,2023-09-14,20000.0,20000.0,0.0,0,20000.0,0.0,0.0
216,2023-09-15,20000.0,20000.0,0.0,0,20000.0,0.0,0.0
217,2023-09-18,20000.0,20000.0,0.0,0,20000.0,0.0,0.0
218,2023-09-19,20000.0,20000.0,0.0,0,20000.0,0.0,0.0
219,2023-09-20,20000.0,20000.0,0.0,0,20000.0,0.0,0.0
220,2023-09-21,20000.0,20000.0,0.0,0,20000.0,0.0,0.0
221,2023-09-22,20000.0,20000.0,0.0,0,20000.0,0.0,0.0
222,2023-09-25,20000.0,20000.0,0.0,0,20000.0,0.0,0.0
223,2023-09-26,20000.0,20000.0,0.0,0,20000.0,0.0,0.0
224,2023-09-27,20000.0,20000.0,0.0,0,20000.0,0.0,0.0
225,2023-09-28,20000.0,20000.0,0.0,0,20000.0,0.0,0.0
226,2023-09-29,20000.0,20000.0,0.0,0,20000.0,0.0,0.0
227,2023-10-03,20000.0,20000.0,0.0,0,20000.0,0.0,0.0
228,2023-10-04,20000.0,20000.0,0.0,0,20000.0,0.0,0.0
229,2023-10-05,20000.0,20000.0,0.0,0,20000.0,0.0,0.0
230,2023-10-06,20000.0,20000.0,0.0,0,20000.0,0.0,0.0
231,2023-10-09,20000.0,20000.0,0.0,0,20000.0,0.0,0.0
232,2023-10-10,20000.0,20000.0,0.0,0,20000.0,0.0,0.0
233,2023-10-11,20000.0,20000.0,0.0,0,20000.0,0.0,0.0
234,2023-10-12,20000.0,20000.0,0.0,0,20000.0,0.0,0.0
235,2023-10-13,20000.0,20000.0,0.0,0,20000.0,0.0,0.0
236,2023-10-16,20000.0,20000.0,0.0,0,20000.0,0.0,0.0
237,2023-10-17,20000.0,20000.0,0.0,0,20000.0,0.0,0.0
238,2023-10-18,20000.0,20000.0,0.0,0,20000.0,0.0,0.0
239,2023-10-19,20000.0,20000.0,0.0,0,20000.0,0.0,0.0
240,2023-10-20,20000.0,20000.0,0.0,0,20000.0,0.0,0.0
241,2023-10-24,20000.0,20000.0,0.0,0,20000.0,0.0,0.0
242,2023-10-25,20000.0,20000.0,0.0,0,20000.0,0.0,0.0
243,2023-10-26,20000.0,20000.0,0.0,0,20000.0,0.0,0.0
244,2023-10-27,20000.0,20000.0,0.0,0,20000.0,0.0,0.0
245,2023-10-30,20000.0,20000.0,0.0,0,20000.0,0.0,0.0
246,2023-10-31,20000.0,20000.0,0.0,0,20000.0,0.0,0.0
247,2023-11-01,20000.0,20000.0,0.0,0,20000.0,0.0,0.0
248,2023-11-02,20000.0,20000.0,0.0,0,20000.0,0.0,0.0
249,2023-11-03,20000.0,20000.0,0.0,0,20000.0,0.0,0.0
250,2023-11-06,20000.0,20000.0,0.0,0,20000.0,0.0,0.0
251,2023-11-07,20000.0,20000.0,0.0,0,20000.0,0.0,0.0
252,2023-11-08,20000.0,20000.0,0.0,0,20000.0,0.0,0.0
253,2023-11-09,20000.0,20000.0,0.0,0,20000.0,0.0,0.0
254,2023-11-10,20000.0,20000.0,0.0,0,20000.0,0.0,0.0
255,2023-11-13,20000.0,20000.0,0.0,0,20000.0,0.0,0.0
256,2023-11-14,20000.0,20000.0,0.0,0,20000.0,0.0,0.0
257,2023-11-15,20000.0,20000.0,0.0,0,20000.0,0.0,0.0
258,2023-11-16,20000.0,20000.0,0.0,0,20000.0,0.0,0.0
259,2023-11-17,20000.0,20000.0,0.0,0,20000.0,0.0,0.0
260,2023-11-20,20000.0,20000.0,0.0,0,20000.0,0.0,0.0
261,2023-11-21,20000.0,20000.0,0.0,0,20000.0,0.0,0.0
262,2023-11-22,20000.0,20000.0,0.0,0,20000.0,0.0,0.0
263,2023-11-23,20000.0,20000.0,0.0,0,20000.0,0.0,0.0
264,2023-11-24,20000.0,20000.0,0.0,0,20000.0,0.0,0.0
265,2023-11-27,20000.0,20000.0,0.0,0,20000.0,0.0,0.0
266,2023-11-28,20000.0,20000.0,0.0,0,20000.0,0.0,0.0
267,2023-11-29,20000.0,20000.0,0.0,0,20000.0,0.0,0.0
268,2023-11-30,20000.0,20000.0,0.0,0,20000.0,0.0,0.0
269,2023-12-01,19880.480113983154,10000.160037994385,9880.32007598877,1992,20000.0,-0.5975994300842286,-0.597599430084228
270,2023-12-04,20000.0,10000.160037994385,9999.839962005615,1992,20000.0,0.0,0.6011921509520235
271,2023-12-05,19721.120265960693,10000.160037994385,9720.960227966309,1992,20000.0,-1.3943986701965332,-1.3943986701965283
272,2023-12-06,19741.03977203369,10000.160037994385,9740.879734039307,1992,20000.0,-1.2948011398315429,0.10100595607329677
273,2023-12-07,19641.440341949463,10000.160037994385,9641.280303955078,1992,20000.0,-1.7927982902526853,-0.5045298081275629
274,2023-12-08,19601.600379943848,10000.160037994385,9601.440341949463,1992,20000.0,-1.9919981002807619,-0.202836254938632
275,2023-12-11,19442.239582061768,10000.160037994385,9442.079544067383,1992,20000.0,-2.788802089691162,-0.8129989122986903
276,2023-12-12,19521.920455932617,10000.160037994385,9521.760417938232,1992,20000.0,-2.3903977203369142,0.40983382359081055
277,2023-12-13,19521.920455932617,10000.160037994385,9521.760417938232,1992,20000.0,-2.3903977203369142,0.0
278,2023-12-14,19900.399620056152,10000.160037994385,9900.239582061768,1992,20000.0,-0.49800189971923825,1.9387394031129546
279,2023-12-15,20039.839962005615,10000.160037994385,10039.67992401123,1992,20039.839962005615,0.0,0.7006911650604852
280,2023-12-18,19980.080493927002,10000.160037994385,9979.920455932617,1992,20039.839962005615,-0.2982033199462361,-0.29820331994623306
281,2023-12-19,19980.080493927002,10000.160037994385,9979.920455932617,1992,20039.839962005615,-0.2982033199462361,0.0
282,2023-12-20,19840.64015197754,10000.160037994385,9840.480113983154,1992,20039.839962005615,-0.9940189662479719,-0.6978967977223416
283,2023-12-21,19780.879734039307,10000.160037994385,9780.719696044922,1992,20039.839962005615,-1.2922270260505189,-0.301202065459949
284,2023-12-22,19920.32007598877,10000.160037994385,9920.160037994385,1992,20039.839962005615,-0.5964113797487831,0.7049248760635729
285,2023-12-27,19880.480113983154,10000.160037994385,9880.32007598877,1992,20039.839962005615,-0.7952151729983774,-0.19999659570548722
286,2023-12-28,19900.399620056152,10000.160037994385,9900.239582061768,1992,20039.839962005615,-0.6958156463017358,0.10019630290007964
287,2023-12-29,20039.839962005615,10000.160037994385,10039.67992401123,1992,20039.839962005615,0.0,0.7006911650604852
288,2024-01-02,19880.480113983154,10000.160037994385,9880.32007598877,1992,20039.839962005615,-0.7952151729983774,-0.7952151729983759
289,2024-01-03,19880.480113983154,10000.160037994385,9880.32007598877,1992,20039.839962005615,-0.7952151729983774,0.0
290,2024-01-04,20019.920455932617,10000.160037994385,10019.760417938232,1992,20039.839962005615,-0.09939952669664172,0.7013932317026184
291,2024-01-05,19960.160037994385,10000.160037994385,9960.0,1992,20039.839962005615,-0.3976075864991887,-0.29850477213321236
292,2024-01-08,19701.199810028076,10000.160037994385,9701.039772033691,1992,20039.839962005615,-1.6898346125497077,-1.2973855293413217
293,2024-01-09,19780.879734039307,10000.160037994385,9780.719696044922,1992,20039.839962005615,-1.2922270260505189,0.4044419871863436
294,2024-01-10,19840.64015197754,10000.160037994385,9840.480113983154,1992,20039.839962005615,-0.9940189662479719,0.30211203314378654
295,2024-01-11,19960.160037994385,10000.160037994385,9960.0,1992,20039.839962005615,-0.3976075864991887,0.6023993434754793
296,2024-01-12,20179.280303955078,10000.160037994385,10179.120265960693,1992,20179.280303955078,0.0,1.0977881216563068
297,2024-01-15,20179.280303955078,10000.160037994385,10179.120265960693,1992,20179.280303955078,0.0,0.0
298,2024-01-16,19980.080493927002,10000.160037994385,9979.920455932617,1992,20179.280303955078,-0.9871502205608076,-0.9871502205608063
299,2024-01-17,19721.120265960693,10000.160037994385,9720.960227966309,1992,20179.280303955078,-2.2704478608416316,-1.2960920154702071
300,2024-01-18,19482.080493927002,10000.160037994385,9481.920455932617,1992,20179.280303955078,-3.455028125514601,-1.2121003716319412
301,2024-01-19,19482.080493927002,19482.080493927002,0.0,0,20179.280303955078,-3.455028125514601,0.0
302,2024-01-22,19482.080493927002,19482.080493927002,0.0,0,20179.280303955078,-3.455028125514601,0.0
303,2024-01-23,19482.080493927002,19482.080493927002,0.0,0,20179.280303955078,-3.455028125514601,0.0
304,2024-01-24,19482.080493927002,19482.080493927002,0.0,0,20179.280303955078,-3.455028125514601,0.0
305,2024-01-25,19482.080493927002,19482.080493927002,0.0,0,20179.280303955078,-3.455028125514601,0.0
306,2024-01-26,19482.080493927002,19482.080493927002,0.0,0,20179.280303955078,-3.455028125514601,0.0
307,2024-01-29,19482.080493927002,19482.080493927002,0.0,0,20179.280303955078,-3.455028125514601,0.0
308,2024-01-30,19482.080493927002,19482.080493927002,0.0,0,20179.280303955078,-3.455028125514601,0.0
309,2024-01-31,19482.080493927002,19482.080493927002,0.0,0,20179.280303955078,-3.455028125514601,0.0
310,2024-02-01,19482.080493927002,19482.080493927002,0.0,0,20179.280303955078,-3.455028125514601,0.0
311,2024-02-02,19482.080493927002,19482.080493927002,0.0,0,20179.280303955078,-3.455028125514601,0.0
312,2024-02-05,19482.080493927002,19482.080493927002,0.0,0,20179.280303955078,-3.455028125514601,0.0
313,2024-02-06,19482.080493927002,19482.080493927002,0.0,0,20179.280303955078,-3.455028125514601,0.0
314,2024-02-07,19482.080493927002,19482.080493927002,0.0,0,20179.280303955078,-3.455028125514601,0.0
315,2024-02-08,19482.080493927002,19482.080493927002,0.0,0,20179.280303955078,-3.455028125514601,0.0
316,2024-02-09,19482.080493927002,19482.080493927002,0.0,0,20179.280303955078,-3.455028125514601,0.0
317,2024-02-14,19482.080493927002,19482.080493927002,0.0,0,20179.280303955078,-3.455028125514601,0.0
318,2024-02-15,19482.080493927002,19482.080493927002,0.0,0,20179.280303955078,-3.455028125514601,0.0
319,2024-02-16,19482.080493927002,19482.080493927002,0.0,0,20179.280303955078,-3.455028125514601,0.0
320,2024-02-19,19482.080493927002,19482.080493927002,0.0,0,20179.280303955078,-3.455028125514601,0.0
321,2024-02-20,19482.080493927002,19482.080493927002,0.0,0,20179.280303955078,-3.455028125514601,0.0
322,2024-02-21,19482.080493927002,19482.080493927002,0.0,0,20179.280303955078,-3.455028125514601,0.0
323,2024-02-22,19482.080493927002,19482.080493927002,0.0,0,20179.280303955078,-3.455028125514601,0.0
324,2024-02-23,19482.080493927002,19482.080493927002,0.0,0,20179.280303955078,-3.455028125514601,0.0
325,2024-02-26,19482.080493927002,19482.080493927002,0.0,0,20179.280303955078,-3.455028125514601,0.0
326,2024-02-27,19482.080493927002,19482.080493927002,0.0,0,20179.280303955078,-3.455028125514601,0.0
327,2024-02-28,19482.080493927002,19482.080493927002,0.0,0,20179.280303955078,-3.455028125514601,0.0
328,2024-02-29,19482.080493927002,19482.080493927002,0.0,0,20179.280303955078,-3.455028125514601,0.0
329,2024-03-01,19482.080493927002,19482.080493927002,0.0,0,20179.280303955078,-3.455028125514601,0.0
330,2024-03-04,19482.080493927002,19482.080493927002,0.0,0,20179.280303955078,-3.455028125514601,0.0
331,2024-03-05,19482.080493927002,19482.080493927002,0.0,0,20179.280303955078,-3.455028125514601,0.0
332,2024-03-06,19482.080493927002,19482.080493927002,0.0,0,20179.280303955078,-3.455028125514601,0.0
333,2024-03-07,19482.080493927002,19482.080493927002,0.0,0,20179.280303955078,-3.455028125514601,0.0
334,2024-03-08,19482.080493927002,19482.080493927002,0.0,0,20179.280303955078,-3.455028125514601,0.0
335,2024-03-11,19482.080493927002,19482.080493927002,0.0,0,20179.280303955078,-3.455028125514601,0.0
336,2024-03-12,19482.080493927002,19482.080493927002,0.0,0,20179.280303955078,-3.455028125514601,0.0
337,2024-03-13,19482.080493927002,19482.080493927002,0.0,0,20179.280303955078,-3.455028125514601,0.0
338,2024-03-14,19482.080493927002,19482.080493927002,0.0,0,20179.280303955078,-3.455028125514601,0.0
339,2024-03-15,19482.080493927002,19482.080493927002,0.0,0,20179.280303955078,-3.455028125514601,0.0
340,2024-03-18,19482.080493927002,19482.080493927002,0.0,0,20179.280303955078,-3.455028125514601,0.0
341,2024-03-19,19482.080493927002,19482.080493927002,0.0,0,20179.280303955078,-3.455028125514601,0.0
342,2024-03-20,19482.080493927002,19482.080493927002,0.0,0,20179.280303955078,-3.455028125514601,0.0
343,2024-03-21,19482.080493927002,19482.080493927002,0.0,0,20179.280303955078,-3.455028125514601,0.0
344,2024-03-22,19482.080493927002,19482.080493927002,0.0,0,20179.280303955078,-3.455028125514601,0.0
345,2024-03-25,19482.080493927002,19482.080493927002,0.0,0,20179.280303955078,-3.455028125514601,0.0
346,2024-03-26,19482.080493927002,19482.080493927002,0.0,0,20179.280303955078,-3.455028125514601,0.0
347,2024-03-27,19482.080493927002,19482.080493927002,0.0,0,20179.280303955078,-3.455028125514601,0.0
348,2024-03-28,19482.080493927002,19482.080493927002,0.0,0,20179.280303955078,-3.455028125514601,0.0
349,2024-04-02,19482.080493927002,19482.080493927002,0.0,0,20179.280303955078,-3.455028125514601,0.0
350,2024-04-03,19482.080493927002,19482.080493927002,0.0,0,20179.280303955078,-3.455028125514601,0.0
351,2024-04-05,19482.080493927002,19482.080493927002,0.0,0,20179.280303955078,-3.455028125514601,0.0
352,2024-04-08,19482.080493927002,19482.080493927002,0.0,0,20179.280303955078,-3.455028125514601,0.0
353,2024-04-09,19482.080493927002,19482.080493927002,0.0,0,20179.280303955078,-3.455028125514601,0.0
354,2024-04-10,19589.48039150238,9744.48039150238,9845.0,1790,20179.280303955078,-2.922799542742358,0.5512752994160763
355,2024-04-11,19822.180596351624,9744.48039150238,10077.700204849243,1790,20179.280303955078,-1.7696354985141078,1.1878834976663644
356,2024-04-12,19625.28035736084,9744.48039150238,9880.79996585846,1790,20179.280303955078,-2.7453900151516106,-0.9933328880427195
357,2024-04-15,19428.380118370056,9744.48039150238,9683.899726867676,1790,20179.280303955078,-3.7211445317891134,-1.0032989868444475
358,2024-04-16,19338.880630493164,9744.48039150238,9594.400238990784,1790,20179.280303955078,-4.164666235877592,-0.460663664863481
359,2024-04-17,19446.280528068542,9744.48039150238,9701.800136566162,1790,20179.280303955078,-3.6324376531053484,0.5553573633731101
360,2024-04-18,19428.380118370056,9744.48039150238,9683.899726867676,1790,20179.280303955078,-3.7211445317891134,-0.09205055780537874
361,2024-04-19,19392.580152511597,9744.48039150238,9648.099761009216,1790,20179.280303955078,-3.898554059379861,-0.1842663445966286
362,2024-04-22,19553.68042564392,9744.48039150238,9809.20003414154,1790,20179.280303955078,-3.1002090703331056,0.8307315058922571
363,2024-04-23,20126.480732917786,9744.48039150238,10382.000341415405,1790,20179.280303955078,-0.2616523991043621,2.9293733701541758
364,2024-04-24,20180.18025493622,9744.48039150238,10435.699863433838,1790,20180.18025493622,0.0,0.26681029202788586
365,2024-04-25,20126.480732917786,9744.48039150238,10382.000341415405,1790,20180.18025493622,-0.2661003090163049,-0.2661003090163039
366,2024-04-26,20180.18025493622,9744.48039150238,10435.699863433838,1790,20180.18025493622,0.0,0.26681029202788586
367,2024-04-29,20180.18025493622,9744.48039150238,10435.699863433838,1790,20180.18025493622,0.0,0.0
368,2024-04-30,19983.280015945435,9744.48039150238,10238.799624443054,1790,20180.18025493622,-0.9757110020988067,-0.9757110020988113
369,2024-05-02,19965.38045978546,9744.48039150238,10220.900068283081,1790,20180.18025493622,-1.064409695241524,-0.08957266347511261
370,2024-05-03,19875.880118370056,9744.48039150238,10131.399726867676,1790,20180.18025493622,-1.5079158497195688,-0.44827766541027936
371,2024-05-06,20251.780186653137,9744.48039150238,10507.299795150757,1790,20251.780186653137,0.0,1.8912373492113277
372,2024-05-07,20036.98039150238,9744.48039150238,10292.5,1790,20251.780186653137,-1.0606464872274284,-1.0606464872274235
373,2024-05-08,19929.580493927002,9744.48039150238,10185.100102424622,1790,20251.780186653137,-1.5909697308411426,-0.5360083978568242
374,2024-05-09,19929.580493927002,9744.48039150238,10185.100102424622,1790,20251.780186653137,-1.5909697308411426,0.0
375,2024-05-10,20019.079981803894,9744.48039150238,10274.599590301514,1790,20251.780186653137,-1.1490358018136273,0.4490786341647457
376,2024-05-13,20180.18025493622,9744.48039150238,10435.699863433838,1790,20251.780186653137,-0.3535488290758094,0.8047336504912073
377,2024-05-14,19929.580493927002,9744.48039150238,10185.100102424622,1790,20251.780186653137,-1.5909697308411426,-1.2418113111151152
378,2024-05-16,19678.980732917786,9744.48039150238,9934.500341415405,1790,20251.780186653137,-2.8283906326064754,-1.257426171542242
379,2024-05-17,19822.180596351624,9744.48039150238,10077.700204849243,1790,20251.780186653137,-2.1212929744548568,0.7276792704731028
380,2024-05-20,19804.280186653137,9744.48039150238,10059.799795150757,1790,20251.780186653137,-2.2096822890410555,-0.09030494708428538
381,2024-05-21,19768.480220794678,9744.48039150238,10023.999829292297,1790,20251.780186653137,-2.3864567035789603,-0.18076883138922195
382,2024-05-22,19804.280186653137,9744.48039150238,10059.799795150757,1790,20251.780186653137,-2.2096822890410555,0.1810961968679914
383,2024-05-23,19822.180596351624,9744.48039150238,10077.700204849243,1790,20251.780186653137,-2.1212929744548568,0.09038657062905298
384,2024-05-24,19822.180596351624,9744.48039150238,10077.700204849243,1790,20251.780186653137,-2.1212929744548568,0.0
385,2024-05-27,19875.880118370056,9744.48039150238,10131.399726867676,1790,20251.780186653137,-1.8561334599652461,0.2709062292990838
386,2024-05-28,19893.780528068542,9744.48039150238,10149.300136566162,1790,20251.780186653137,-1.7677441453790472,0.09006096631636318
387,2024-05-29,19553.68042564392,9744.48039150238,9809.20003414154,1790,20251.780186653137,-3.4471031908063887,-1.7095800466118916
388,2024-05-30,19392.580152511597,9744.48039150238,9648.099761009216,1790,20251.780186653137,-4.2425901635442065,-0.8238872152223964
389,2024-05-31,19267.280698776245,9744.48039150238,9522.800307273865,1790,20251.780186653137,-4.861298507109627,-0.64612059225716
390,2024-06-03,19267.280698776245,9744.48039150238,9522.800307273865,1790,20251.780186653137,-4.861298507109627,0.0
391,2024-06-04,19356.780186653137,9744.48039150238,9612.299795150757,1790,20251.780186653137,-4.419364578082111,0.4645154097047799
392,2024-06-05,19499.980050086975,9744.48039150238,9755.499658584595,1790,20251.780186653137,-3.7122669199304923,0.7397917528276565
393,2024-06-06,19356.780186653137,9744.48039150238,9612.299795150757,1790,20251.780186653137,-4.419364578082111,-0.7343590253221732
394,2024-06-07,19267.280698776245,9744.48039150238,9522.800307273865,1790,20251.780186653137,-4.861298507109627,-0.46236764076394987
395,2024-06-11,18980.880118370056,9744.48039150238,9236.399726867676,1790,20251.780186653137,-6.275498038047357,-1.4864608290280357
396,2024-06-12,18980.880118370056,18980.880118370056,0.0,0,20251.780186653137,-6.275498038047357,0.0
397,2024-06-13,18980.880118370056,18980.880118370056,0.0,0,20251.780186653137,-6.275498038047357,0.0
398,2024-06-14,18980.880118370056,18980.880118370056,0.0,0,20251.780186653137,-6.275498038047357,0.0
399,2024-06-17,18980.880118370056,18980.880118370056,0.0,0,20251.780186653137,-6.275498038047357,0.0
400,2024-06-18,18980.880118370056,18980.880118370056,0.0,0,20251.780186653137,-6.275498038047357,0.0
401,2024-06-19,18980.880118370056,18980.880118370056,0.0,0,20251.780186653137,-6.275498038047357,0.0
402,2024-06-20,18980.880118370056,18980.880118370056,0.0,0,20251.780186653137,-6.275498038047357,0.0
403,2024-06-21,18980.880118370056,18980.880118370056,0.0,0,20251.780186653137,-6.275498038047357,0.0
404,2024-06-24,18980.880118370056,18980.880118370056,0.0,0,20251.780186653137,-6.275498038047357,0.0
405,2024-06-25,18980.880118370056,18980.880118370056,0.0,0,20251.780186653137,-6.275498038047357,0.0
406,2024-06-26,18980.880118370056,18980.880118370056,0.0,0,20251.780186653137,-6.275498038047357,0.0
407,2024-06-27,18980.880118370056,18980.880118370056,0.0,0,20251.780186653137,-6.275498038047357,0.0
408,2024-06-28,18980.880118370056,18980.880118370056,0.0,0,20251.780186653137,-6.275498038047357,0.0
409,2024-07-02,18980.880118370056,18980.880118370056,0.0,0,20251.780186653137,-6.275498038047357,0.0
410,2024-07-03,18980.880118370056,18980.880118370056,0.0,0,20251.780186653137,-6.275498038047357,0.0
411,2024-07-04,18980.880118370056,18980.880118370056,0.0,0,20251.780186653137,-6.275498038047357,0.0
412,2024-07-05,18980.880118370056,18980.880118370056,0.0,0,20251.780186653137,-6.275498038047357,0.0
413,2024-07-08,18980.880118370056,18980.880118370056,0.0,0,20251.780186653137,-6.275498038047357,0.0
414,2024-07-09,18980.880118370056,18980.880118370056,0.0,0,20251.780186653137,-6.275498038047357,0.0
415,2024-07-10,18980.880118370056,18980.880118370056,0.0,0,20251.780186653137,-6.275498038047357,0.0
416,2024-07-11,18980.880118370056,18980.880118370056,0.0,0,20251.780186653137,-6.275498038047357,0.0
417,2024-07-12,18980.880118370056,18980.880118370056,0.0,0,20251.780186653137,-6.275498038047357,0.0
418,2024-07-15,18980.880118370056,18980.880118370056,0.0,0,20251.780186653137,-6.275498038047357,0.0
419,2024-07-16,18980.880118370056,18980.880118370056,0.0,0,20251.780186653137,-6.275498038047357,0.0
420,2024-07-17,18980.880118370056,18980.880118370056,0.0,0,20251.780186653137,-6.275498038047357,0.0
421,2024-07-18,18980.880118370056,18980.880118370056,0.0,0,20251.780186653137,-6.275498038047357,0.0
422,2024-07-19,18980.880118370056,18980.880118370056,0.0,0,20251.780186653137,-6.275498038047357,0.0
423,2024-07-22,18980.880118370056,18980.880118370056,0.0,0,20251.780186653137,-6.275498038047357,0.0
424,2024-07-23,18980.880118370056,18980.880118370056,0.0,0,20251.780186653137,-6.275498038047357,0.0
425,2024-07-24,18980.880118370056,18980.880118370056,0.0,0,20251.780186653137,-6.275498038047357,0.0
426,2024-07-25,18980.880118370056,18980.880118370056,0.0,0,20251.780186653137,-6.275498038047357,0.0
427,2024-07-26,18980.880118370056,18980.880118370056,0.0,0,20251.780186653137,-6.275498038047357,0.0
428,2024-07-29,18980.880118370056,18980.880118370056,0.0,0,20251.780186653137,-6.275498038047357,0.0
429,2024-07-30,18980.880118370056,18980.880118370056,0.0,0,20251.780186653137,-6.275498038047357,0.0
430,2024-07-31,18980.880118370056,18980.880118370056,0.0,0,20251.780186653137,-6.275498038047357,0.0
431,2024-08-01,18980.880118370056,18980.880118370056,0.0,0,20251.780186653137,-6.275498038047357,0.0
432,2024-08-02,18980.880118370056,18980.880118370056,0.0,0,20251.780186653137,-6.275498038047357,0.0
433,2024-08-05,18980.880118370056,18980.880118370056,0.0,0,20251.780186653137,-6.275498038047357,0.0
434,2024-08-06,18980.880118370056,18980.880118370056,0.0,0,20251.780186653137,-6.275498038047357,0.0
435,2024-08-07,18980.880118370056,18980.880118370056,0.0,0,20251.780186653137,-6.275498038047357,0.0
436,2024-08-08,18980.880118370056,18980.880118370056,0.0,0,20251.780186653137,-6.275498038047357,0.0
437,2024-08-09,18980.880118370056,18980.880118370056,0.0,0,20251.780186653137,-6.275498038047357,0.0
438,2024-08-12,18980.880118370056,18980.880118370056,0.0,0,20251.780186653137,-6.275498038047357,0.0
439,2024-08-13,18980.880118370056,18980.880118370056,0.0,0,20251.780186653137,-6.275498038047357,0.0
440,2024-08-14,18980.880118370056,18980.880118370056,0.0,0,20251.780186653137,-6.275498038047357,0.0
441,2024-08-15,18980.880118370056,18980.880118370056,0.0,0,20251.780186653137,-6.275498038047357,0.0
442,2024-08-16,18980.880118370056,18980.880118370056,0.0,0,20251.780186653137,-6.275498038047357,0.0
443,2024-08-19,18980.880118370056,18980.880118370056,0.0,0,20251.780186653137,-6.275498038047357,0.0
444,2024-08-20,18980.880118370056,18980.880118370056,0.0,0,20251.780186653137,-6.275498038047357,0.0
445,2024-08-21,18980.880118370056,18980.880118370056,0.0,0,20251.780186653137,-6.275498038047357,0.0
446,2024-08-22,18980.880118370056,18980.880118370056,0.0,0,20251.780186653137,-6.275498038047357,0.0
447,2024-08-23,18980.880118370056,18980.880118370056,0.0,0,20251.780186653137,-6.275498038047357,0.0
448,2024-08-26,18980.880118370056,18980.880118370056,0.0,0,20251.780186653137,-6.275498038047357,0.0
449,2024-08-27,18980.880118370056,18980.880118370056,0.0,0,20251.780186653137,-6.275498038047357,0.0
450,2024-08-28,18980.880118370056,18980.880118370056,0.0,0,20251.780186653137,-6.275498038047357,0.0
451,2024-08-29,18980.880118370056,18980.880118370056,0.0,0,20251.780186653137,-6.275498038047357,0.0
452,2024-08-30,18980.880118370056,18980.880118370056,0.0,0,20251.780186653137,-6.275498038047357,0.0
453,2024-09-02,18980.880118370056,18980.880118370056,0.0,0,20251.780186653137,-6.275498038047357,0.0
454,2024-09-03,18980.880118370056,18980.880118370056,0.0,0,20251.780186653137,-6.275498038047357,0.0
455,2024-09-04,18980.880118370056,18980.880118370056,0.0,0,20251.780186653137,-6.275498038047357,0.0
456,2024-09-05,18980.880118370056,18980.880118370056,0.0,0,20251.780186653137,-6.275498038047357,0.0
457,2024-09-09,18980.880118370056,18980.880118370056,0.0,0,20251.780186653137,-6.275498038047357,0.0
458,2024-09-10,18980.880118370056,18980.880118370056,0.0,0,20251.780186653137,-6.275498038047357,0.0
459,2024-09-11,18980.880118370056,18980.880118370056,0.0,0,20251.780186653137,-6.275498038047357,0.0
460,2024-09-12,18980.880118370056,18980.880118370056,0.0,0,20251.780186653137,-6.275498038047357,0.0
461,2024-09-13,18980.880118370056,18980.880118370056,0.0,0,20251.780186653137,-6.275498038047357,0.0
462,2024-09-16,18980.880118370056,18980.880118370056,0.0,0,20251.780186653137,-6.275498038047357,0.0
463,2024-09-17,18980.880118370056,18980.880118370056,0.0,0,20251.780186653137,-6.275498038047357,0.0
464,2024-09-19,18980.880118370056,18980.880118370056,0.0,0,20251.780186653137,-6.275498038047357,0.0
465,2024-09-20,18980.880118370056,18980.880118370056,0.0,0,20251.780186653137,-6.275498038047357,0.0
466,2024-09-23,18980.880118370056,18980.880118370056,0.0,0,20251.780186653137,-6.275498038047357,0.0
467,2024-09-24,18980.880118370056,18980.880118370056,0.0,0,20251.780186653137,-6.275498038047357,0.0
468,2024-09-25,18980.880118370056,18980.880118370056,0.0,0,20251.780186653137,-6.275498038047357,0.0
469,2024-09-26,18980.880118370056,18980.880118370056,0.0,0,20251.780186653137,-6.275498038047357,0.0
470,2024-09-27,18980.880118370056,18980.880118370056,0.0,0,20251.780186653137,-6.275498038047357,0.0
471,2024-09-30,18980.880118370056,18980.880118370056,0.0,0,20251.780186653137,-6.275498038047357,0.0
472,2024-10-02,18980.880118370056,18980.880118370056,0.0,0,20251.780186653137,-6.275498038047357,0.0
473,2024-10-03,18980.880118370056,18980.880118370056,0.0,0,20251.780186653137,-6.275498038047357,0.0
474,2024-10-04,18980.880118370056,18980.880118370056,0.0,0,20251.780186653137,-6.275498038047357,0.0
475,2024-10-07,18980.880118370056,18980.880118370056,0.0,0,20251.780186653137,-6.275498038047357,0.0
476,2024-10-08,18980.880118370056,18980.880118370056,0.0,0,20251.780186653137,-6.275498038047357,0.0
477,2024-10-09,18980.880118370056,18980.880118370056,0.0,0,20251.780186653137,-6.275498038047357,0.0
478,2024-10-10,18980.880118370056,18980.880118370056,0.0,0,20251.780186653137,-6.275498038047357,0.0
479,2024-10-14,18980.880118370056,18980.880118370056,0.0,0,20251.780186653137,-6.275498038047357,0.0
480,2024-10-15,18980.880118370056,18980.880118370056,0.0,0,20251.780186653137,-6.275498038047357,0.0
481,2024-10-16,18980.880118370056,18980.880118370056,0.0,0,20251.780186653137,-6.275498038047357,0.0
482,2024-10-17,18980.880118370056,18980.880118370056,0.0,0,20251.780186653137,-6.275498038047357,0.0
483,2024-10-18,18980.880118370056,18980.880118370056,0.0,0,20251.780186653137,-6.275498038047357,0.0
484,2024-10-21,18980.880118370056,18980.880118370056,0.0,0,20251.780186653137,-6.275498038047357,0.0
485,2024-10-22,18980.880118370056,18980.880118370056,0.0,0,20251.780186653137,-6.275498038047357,0.0
486,2024-10-23,18980.880118370056,18980.880118370056,0.0,0,20251.780186653137,-6.275498038047357,0.0
487,2024-10-24,18980.880118370056,18980.880118370056,0.0,0,20251.780186653137,-6.275498038047357,0.0
488,2024-10-25,18980.880118370056,18980.880118370056,0.0,0,20251.780186653137,-6.275498038047357,0.0
489,2024-10-28,18980.880118370056,18980.880118370056,0.0,0,20251.780186653137,-6.275498038047357,0.0
490,2024-10-29,18980.880118370056,18980.880118370056,0.0,0,20251.780186653137,-6.275498038047357,0.0
491,2024-10-30,18980.880118370056,18980.880118370056,0.0,0,20251.780186653137,-6.275498038047357,0.0
492,2024-10-31,18505.03986310959,9493.819948196411,9011.219914913177,1487,20251.780186653137,-8.62511990276653,-2.5069451589862846
493,2024-11-01,18564.51980638504,9493.819948196411,9070.69985818863,1487,20251.780186653137,-8.331417607327577,0.3214256425030815
494,2024-11-04,18549.650175094604,9493.819948196411,9055.830226898193,1487,20251.780186653137,-8.404841430583545,-0.08009704234483994
495,2024-11-05,18430.6902885437,9493.819948196411,8936.87034034729,1487,20251.780186653137,-8.992246021461456,-0.6413052830000154
496,2024-11-06,18356.34000492096,9493.819948196411,8862.520056724548,1487,20251.780186653137,-9.359375641363917,-0.40340476921234547
497,2024-11-07,18653.739721298218,9493.819948196411,9159.919773101807,1487,20251.780186653137,-7.890864164169144,1.6201471333475492
498,2024-11-08,18742.959636211395,9493.819948196411,9249.139688014984,1487,20251.780186653137,-7.4503107210107125,0.47829505635972325
499,2024-11-11,18653.739721298218,9493.819948196411,9159.919773101807,1487,20251.780186653137,-7.890864164169144,-0.47601828443787353
500,2024-11-12,18534.779834747314,9493.819948196411,9040.959886550903,1487,20251.780186653137,-8.478268755047054,-0.6377267418129495
501,2024-11-13,18742.959636211395,9493.819948196411,9249.139688014984,1487,20251.780186653137,-7.4503107210107125,1.1231846470266982
502,2024-11-14,18564.51980638504,9493.819948196411,9070.69985818863,1487,20251.780186653137,-8.331417607327577,-0.9520365688757582
503,2024-11-15,18668.610061645508,9493.819948196411,9174.790113449097,1487,20251.780186653137,-7.817436839705636,0.5606945740910918
504,2024-11-18,18787.56994819641,9493.819948196411,9293.75,1487,20251.780186653137,-7.230032248827728,0.6372187653932881
505,2024-11-19,18921.400175094604,9493.819948196411,9427.580226898193,1487,20251.780186653137,-6.569200333486312,0.7123338849420513
506,2024-11-20,19055.229692935944,9493.819948196411,9561.409744739532,1487,20251.780186653137,-5.908371919352433,0.7072918314866117
507,2024-11-21,19055.229692935944,9493.819948196411,9561.409744739532,1487,20251.780186653137,-5.908371919352433,0.0
508,2024-11-22,18847.049891471863,9493.819948196411,9353.229943275452,1487,20251.780186653137,-6.936329953388773,-1.0925074366395893
509,2024-11-25,18876.78986310959,9493.819948196411,9382.969914913177,1487,20251.780186653137,-6.7894788056692965,0.15779642866644572
510,2024-11-26,18713.21966457367,9493.819948196411,9219.399716377258,1487,20251.780186653137,-7.59716186873019,-0.8665149091667379
511,2024-11-27,18772.69960784912,9493.819948196411,9278.87965965271,1487,20251.780186653137,-7.303459573291235,0.3178498641153382
512,2024-11-28,18728.09000492096,9493.819948196411,9234.270056724548,1487,20251.780186653137,-7.523734544266683,-0.23763019629584603
513,2024-11-29,18668.610061645508,9493.819948196411,9174.790113449097,1487,20251.780186653137,-7.817436839705636,-0.3175974873028897
514,2024-12-02,18802.4402885437,9493.819948196411,9308.62034034729,1487,20251.780186653137,-7.156604924364221,0.7168730101291709
515,2024-12-03,18728.09000492096,9493.819948196411,9234.270056724548,1487,20251.780186653137,-7.523734544266683,-0.39542890434303146
516,2024-12-04,18936.26980638504,9493.819948196411,9442.44985818863,1487,20251.780186653137,-6.495776510230342,1.111591205560103
517,2024-12-05,18966.009778022766,9493.819948196411,9472.189829826355,1487,20251.780186653137,-6.348925362510864,0.15705295679562248
518,2024-12-06,18787.56994819641,9493.819948196411,9293.75,1487,20251.780186653137,-7.230032248827728,-0.9408401235410424
519,2024-12-09,18787.56994819641,9493.819948196411,9293.75,1487,20251.780186653137,-7.230032248827728,0.0
520,2024-12-10,18966.009778022766,9493.819948196411,9472.189829826355,1487,20251.780186653137,-6.348925362510864,0.9497759972065145
521,2024-12-11,19114.709636211395,9493.819948196411,9620.889688014984,1487,20251.780186653137,-5.6146696239134775,0.7840334362841928
522,2024-12-12,19308.01980638504,9493.819948196411,9814.19985818863,1487,20251.780186653137,-4.660135413133107,1.0113162786811847
523,2024-12-13,19174.1902885437,9493.819948196411,9680.37034034729,1487,20251.780186653137,-5.320963827266986,-0.6931291721437027
524,2024-12-16,19025.489721298218,9493.819948196411,9531.669773101807,1487,20251.780186653137,-6.05522306707191,-0.7755246245487069
525,2024-12-17,18802.4402885437,9493.819948196411,9308.62034034729,1487,20251.780186653137,-7.156604924364221,-1.172371571097186
526,2024-12-18,18906.529834747314,9493.819948196411,9412.709886550903,1487,20251.780186653137,-6.642627657949819,0.5535959407728219
527,2024-12-19,18564.51980638504,9493.819948196411,9070.69985818863,1487,20251.780186653137,-8.331417607327577,-1.8089518877954625
528,2024-12-20,18415.81994819641,9493.819948196411,8922.0,1487,20251.780186653137,-9.065673345924964,-0.8009895205449147
529,2024-12-23,18415.81994819641,18415.81994819641,0.0,0,20251.780186653137,-9.065673345924964,0.0
530,2024-12-24,18415.81994819641,18415.81994819641,0.0,0,20251.780186653137,-9.065673345924964,0.0
531,2024-12-27,18415.81994819641,18415.81994819641,0.0,0,20251.780186653137,-9.065673345924964,0.0
532,2024-12-30,18415.81994819641,18415.81994819641,0.0,0,20251.780186653137,-9.065673345924964,0.0
533,2024-12-31,18415.81994819641,18415.81994819641,0.0,0,20251.780186653137,-9.065673345924964,0.0
534,2025-01-02,18415.81994819641,18415.81994819641,0.0,0,20251.780186653137,-9.065673345924964,0.0
535,2025-01-03,18415.81994819641,18415.81994819641,0.0,0,20251.780186653137,-9.065673345924964,0.0
536,2025-01-06,18415.81994819641,18415.81994819641,0.0,0,20251.780186653137,-9.065673345924964,0.0
537,2025-01-07,18415.81994819641,18415.81994819641,0.0,0,20251.780186653137,-9.065673345924964,0.0
538,2025-01-08,18415.81994819641,18415.81994819641,0.0,0,20251.780186653137,-9.065673345924964,0.0
539,2025-01-09,18415.81994819641,18415.81994819641,0.0,0,20251.780186653137,-9.065673345924964,0.0
540,2025-01-10,18415.81994819641,18415.81994819641,0.0,0,20251.780186653137,-9.065673345924964,0.0
541,2025-01-13,18415.81994819641,18415.81994819641,0.0,0,20251.780186653137,-9.065673345924964,0.0
542,2025-01-14,18415.81994819641,18415.81994819641,0.0,0,20251.780186653137,-9.065673345924964,0.0
543,2025-01-15,18415.81994819641,18415.81994819641,0.0,0,20251.780186653137,-9.065673345924964,0.0
544,2025-01-16,18415.81994819641,18415.81994819641,0.0,0,20251.780186653137,-9.065673345924964,0.0
545,2025-01-17,18415.81994819641,18415.81994819641,0.0,0,20251.780186653137,-9.065673345924964,0.0
546,2025-01-20,18415.81994819641,18415.81994819641,0.0,0,20251.780186653137,-9.065673345924964,0.0
547,2025-01-21,18415.81994819641,18415.81994819641,0.0,0,20251.780186653137,-9.065673345924964,0.0
548,2025-01-22,18415.81994819641,18415.81994819641,0.0,0,20251.780186653137,-9.065673345924964,0.0
549,2025-01-23,18415.81994819641,18415.81994819641,0.0,0,20251.780186653137,-9.065673345924964,0.0
550,2025-01-24,18415.81994819641,18415.81994819641,0.0,0,20251.780186653137,-9.065673345924964,0.0
551,2025-01-27,18415.81994819641,18415.81994819641,0.0,0,20251.780186653137,-9.065673345924964,0.0
552,2025-01-28,18415.81994819641,18415.81994819641,0.0,0,20251.780186653137,-9.065673345924964,0.0
553,2025-02-03,18415.81994819641,18415.81994819641,0.0,0,20251.780186653137,-9.065673345924964,0.0
554,2025-02-04,18415.81994819641,18415.81994819641,0.0,0,20251.780186653137,-9.065673345924964,0.0
555,2025-02-05,18415.81994819641,18415.81994819641,0.0,0,20251.780186653137,-9.065673345924964,0.0
556,2025-02-06,18415.81994819641,18415.81994819641,0.0,0,20251.780186653137,-9.065673345924964,0.0
557,2025-02-07,18415.81994819641,18415.81994819641,0.0,0,20251.780186653137,-9.065673345924964,0.0
558,2025-02-10,18415.81994819641,18415.81994819641,0.0,0,20251.780186653137,-9.065673345924964,0.0
559,2025-02-11,18415.81994819641,18415.81994819641,0.0,0,20251.780186653137,-9.065673345924964,0.0
560,2025-02-12,18415.81994819641,18415.81994819641,0.0,0,20251.780186653137,-9.065673345924964,0.0
561,2025-02-13,18415.81994819641,18415.81994819641,0.0,0,20251.780186653137,-9.065673345924964,0.0
562,2025-02-14,18415.81994819641,18415.81994819641,0.0,0,20251.780186653137,-9.065673345924964,0.0
563,2025-02-17,18415.81994819641,18415.81994819641,0.0,0,20251.780186653137,-9.065673345924964,0.0
564,2025-02-18,18415.81994819641,18415.81994819641,0.0,0,20251.780186653137,-9.065673345924964,0.0
565,2025-02-19,18415.81994819641,18415.81994819641,0.0,0,20251.780186653137,-9.065673345924964,0.0
566,2025-02-20,18415.81994819641,18415.81994819641,0.0,0,20251.780186653137,-9.065673345924964,0.0
567,2025-02-21,18415.81994819641,18415.81994819641,0.0,0,20251.780186653137,-9.065673345924964,0.0
568,2025-02-24,18415.81994819641,18415.81994819641,0.0,0,20251.780186653137,-9.065673345924964,0.0
569,2025-02-25,18579.940147399902,9210.179834365845,9369.760313034058,1492,20251.780186653137,-8.25527446893313,0.8911913760297319
570,2025-02-26,18535.179834365845,9210.179834365845,9325.0,1492,20251.780186653137,-8.476293621923725,-0.2409066588964337
571,2025-02-27,18744.059635162354,9210.179834365845,9533.879800796509,1492,20251.780186653137,-7.444879104921559,1.1269370066171458
572,2025-02-28,18669.460062026978,9210.179834365845,9459.280227661133,1492,20251.780186653137,-7.813239675932203,-0.39799048118387415
573,2025-03-03,18729.140005111694,9210.179834365845,9518.96017074585,1492,20251.780186653137,-7.518549813931584,0.31966614399365767
574,2025-03-04,18908.179834365845,9210.179834365845,9698.0,1492,20251.780186653137,-6.6344802279297275,0.9559426071100274
575,2025-03-05,19266.259492874146,9210.179834365845,10056.0796585083,1492,20251.780186653137,-4.866341055926015,1.8937817476089691
576,2025-03-06,19430.379692077637,9210.179834365845,10220.199857711792,1492,20251.780186653137,-4.055942178934183,0.8518529466718494
577,2025-03-07,19519.899606704712,9210.179834365845,10309.719772338867,1492,20251.780186653137,-3.613907385933255,0.46072138602404333
578,2025-03-10,19519.899606704712,9210.179834365845,10309.719772338867,1492,20251.780186653137,-3.613907385933255,0.0
579,2025-03-11,19519.899606704712,9210.179834365845,10309.719772338867,1492,20251.780186653137,-3.613907385933255,0.0
580,2025-03-12,19445.300033569336,9210.179834365845,10235.120199203491,1492,20251.780186653137,-3.9822679569438995,-0.3821719098890841
581,2025-03-13,19236.419521331787,9210.179834365845,10026.239686965942,1492,20251.780186653137,-5.013685986926324,-1.0741953679138327
582,2025-03-14,18982.78011894226,9210.179834365845,9772.600284576416,1492,20251.780186653137,-6.266116143938824,-1.3185374861899746
583,2025-03-17,19206.57954978943,9210.179834365845,9996.399715423584,1492,20251.780186653137,-5.161030917926634,1.1789602442049407
584,2025-03-18,19221.499891281128,9210.179834365845,10011.320056915283,1492,20251.780186653137,-5.087356695936349,0.07768349097776461
585,2025-03-19,19385.62009048462,9210.179834365845,10175.440256118774,1492,20251.780186653137,-4.276957818944518,0.8538365899215528
586,2025-03-20,19325.940147399902,9210.179834365845,10115.760313034058,1492,20251.780186653137,-4.571647680945136,-0.3078567660263265
587,2025-03-21,19296.100175857544,9210.179834365845,10085.9203414917,1492,20251.780186653137,-4.718992611945446,-0.15440372532858904
588,2025-03-24,19266.259492874146,9210.179834365845,10056.0796585083,1492,20251.780186653137,-4.866341055926015,-0.1546461860761572
589,2025-03-25,19146.899606704712,9210.179834365845,9936.719772338867,1492,20251.780186653137,-5.455720779927253,-0.6195280729691222
590,2025-03-26,19534.81994819641,9210.179834365845,10324.640113830566,1492,20251.780186653137,-3.5402331639429714,2.026021703043046
591,2025-03-27,19594.499891281128,9210.179834365845,10384.320056915283,1492,20251.780186653137,-3.2455433019423525,0.30550546789260835
592,2025-03-28,19654.179834365845,9210.179834365845,10444.0,1492,20251.780186653137,-2.950853439941733,0.3045749746910964
593,2025-03-31,19863.059635162354,9210.179834365845,10652.879800796509,1492,20251.780186653137,-1.9194389229395674,1.062775463320409
594,2025-04-01,19728.78011894226,9210.179834365845,10518.600284576416,1492,20251.780186653137,-2.5824893559508304,-0.6760263458223004
595,2025-04-02,20057.019805908203,9210.179834365845,10846.839971542358,1492,20251.780186653137,-0.9616951149474267,1.6637606835649743
596,2025-04-03,20086.85977745056,9210.179834365845,10876.679943084717,1492,20251.780186653137,-0.8143501839471174,0.14877569963593906
597,2025-04-07,19146.899606704712,9210.179834365845,9936.719772338867,1492,20251.780186653137,-5.455720779927253,-4.6794779331364005
598,2025-04-08,19251.339862823486,9210.179834365845,10041.160028457642,1492,20251.780186653137,-4.94001176493604,0.5454682390573673
599,2025-04-09,18938.019805908203,9210.179834365845,9727.839971542358,1492,20251.780186653137,-6.487135296929418,-1.6275233783615173
600,2025-04-10,19296.100175857544,9210.179834365845,10085.9203414917,1492,20251.780186653137,-4.718992611945446,1.8908015390163957
601,2025-04-11,19236.419521331787,9210.179834365845,10026.239686965942,1492,20251.780186653137,-5.013685986926324,-0.30928868518430574
602,2025-04-14,19430.379692077637,9210.179834365845,10220.199857711792,1492,20251.780186653137,-4.055942178934183,1.0082966350924094
603,2025-04-15,19684.019805908203,9210.179834365845,10473.839971542358,1492,20251.780186653137,-2.8035085089414236,1.3053790911455199
604,2025-04-16,19609.419521331787,9210.179834365845,10399.239686965942,1492,20251.780186653137,-3.171872592932327,-0.37898907495522716
605,2025-04-17,19296.100175857544,9210.179834365845,10085.9203414917,1492,20251.780186653137,-4.718992611945446,-1.597800205831712
606,2025-04-22,19311.019805908203,9210.179834365845,10100.839971542358,1492,20251.780186653137,-4.645321902935421,0.07731940607007548
607,2025-04-23,19564.65991973877,9210.179834365845,10354.480085372925,1492,20251.780186653137,-3.3928882329426617,1.3134475360693454
608,2025-04-24,19594.499891281128,9210.179834365845,10384.320056915283,1492,20251.780186653137,-3.2455433019423525,0.1525197558494451
609,2025-04-25,19445.300033569336,9210.179834365845,10235.120199203491,1492,20251.780186653137,-3.9822679569438995,-0.761437436727741
610,2025-04-28,19534.81994819641,9210.179834365845,10324.640113830566,1492,20251.780186653137,-3.5402331639429714,0.4603678753865026
611,2025-04-29,19549.73957824707,9210.179834365845,10339.559743881226,1492,20251.780186653137,-3.4665624549329457,0.07637454601692184
612,2025-04-30,19564.65991973877,9210.179834365845,10354.480085372925,1492,20251.780186653137,-3.3928882329426617,0.0763198989530256
613,2025-05-02,19519.899606704712,9210.179834365845,10309.719772338867,1492,20251.780186653137,-3.613907385933255,-0.22878145195306399
614,2025-05-06,19639.259492874146,9210.179834365845,10429.0796585083,1492,20251.780186653137,-3.0245276619320176,0.6114779715794993
615,2025-05-07,19758.62009048462,9210.179834365845,10548.440256118774,1492,20251.780186653137,-2.4351444249505207,0.6077652655579024
616,2025-05-08,19937.65991973877,9210.179834365845,10727.480085372925,1492,20251.780186653137,-1.5510748389486644,0.9061352889738084
617,2025-05-09,19430.379692077637,9210.179834365845,10220.199857711792,1492,20251.780186653137,-4.055942178934183,-2.5443318308329355
618,2025-05-12,19415.460062026978,9210.179834365845,10205.280227661133,1492,20251.780186653137,-4.129612887944209,-0.07678506692662124
619,2025-05-13,19370.69974899292,9210.179834365845,10160.519914627075,1492,20251.780186653137,-4.350632040934802,-0.2305395436989932
620,2025-05-14,19191.65991973877,9210.179834365845,9981.480085372925,1492,20251.780186653137,-5.234701626936658,-0.9242816809622911
621,2025-05-15,19206.57954978943,9210.179834365845,9996.399715423584,1492,20251.780186653137,-5.161030917926634,0.07774017522743648
622,2025-05-16,19176.73957824707,9210.179834365845,9966.559743881226,1492,20251.780186653137,-5.308375848926943,-0.15536327780282244
623,2025-05-19,19131.979976654053,9210.179834365845,9921.800142288208,1492,20251.780186653137,-5.529391488937278,-0.23340569136053313
624,2025-05-20,19370.69974899292,9210.179834365845,10160.519914627075,1492,20251.780186653137,-4.350632040934802,1.2477525725521632
625,2025-05-21,19385.62009048462,9210.179834365845,10175.440256118774,1492,20251.780186653137,-4.276957818944518,0.0770253097979845
626,2025-05-22,19594.499891281128,9210.179834365845,10384.320056915283,1492,20251.780186653137,-3.2455433019423525,1.0774986810921705
627,2025-05-23,19818.300033569336,9210.179834365845,10608.120199203491,1492,20251.780186653137,-2.140454562949902,1.1421579705016782
628,2025-05-26,19698.940147399902,9210.179834365845,10488.760313034058,1492,20251.780186653137,-2.7298342869511396,-0.6022710624385308
629,2025-05-27,19833.219663619995,9210.179834365845,10623.03982925415,1492,20251.780186653137,-2.066783853939877,0.6816585827223554
630,2025-05-28,19848.140005111694,9210.179834365845,10637.96017074585,1492,20251.780186653137,-1.9931096319495925,0.07522904371934924
631,2025-05-29,19833.219663619995,9210.179834365845,10623.03982925415,1492,20251.780186653137,-2.066783853939877,-0.07517249217234845
632,2025-05-30,20012.259492874146,9210.179834365845,10802.0796585083,1492,20251.780186653137,-1.1827142679380205,0.902727001922754
633,2025-06-02,20027.179834365845,9210.179834365845,10817.0,1492,20251.780186653137,-1.109040045947736,0.07455600651695704
634,2025-06-03,20071.940147399902,9210.179834365845,10861.760313034058,1492,20251.780186653137,-0.8880208929571426,0.22349783346555796
635,2025-06-04,20086.85977745056,9210.179834365845,10876.679943084717,1492,20251.780186653137,-0.8143501839471174,0.07433078188303632
636,2025-06-05,20057.019805908203,9210.179834365845,10846.839971542358,1492,20251.780186653137,-0.9616951149474267,-0.1485546863619569
637,2025-06-06,20176.379692077637,9210.179834365845,10966.199857711792,1492,20251.780186653137,-0.37231539094618904,0.5951027985437563
638,2025-06-09,20236.059635162354,9210.179834365845,11025.879800796509,1492,20251.780186653137,-0.07762552894557025,0.2957911379321887
639,2025-06-10,20355.419521331787,9210.179834365845,11145.239686965942,1492,20355.419521331787,0.0,0.589837588549269
640,2025-06-11,20430.019805908203,9210.179834365845,11219.839971542358,1492,20430.019805908203,0.0,0.36648856339334124
641,2025-06-12,20504.62009048462,9210.179834365845,11294.440256118774,1492,20504.62009048462,0.0,0.3651503291976388
642,2025-06-13,20430.019805908203,9210.179834365845,11219.839971542358,1492,20504.62009048462,-0.36382183257828343,-0.3638218325782816
643,2025-06-16,20489.69974899292,9210.179834365845,11279.519914627075,1492,20504.62009048462,-0.0727657543805123,0.2921188704254618
644,2025-06-17,20191.300033569336,9210.179834365845,10981.120199203491,1492,20504.62009048462,-1.528046145369368,-1.4563401078546812
645,2025-06-18,20310.65991973877,9210.179834365845,11100.480085372925,1492,20504.62009048462,-0.9459339889738256,0.5911451267178958
646,2025-06-19,19982.419521331787,9210.179834365845,10772.239686965942,1492,20504.62009048462,-2.5467458887237058,-1.6160991307229033
647,2025-06-20,20131.62009048462,9210.179834365845,10921.440256118774,1492,20504.62009048462,-1.819102223567139,0.746659177050879
648,2025-06-23,20161.460062026978,9210.179834365845,10951.280227661133,1492,20504.62009048462,-1.6735741844682535,0.14822439231536588
649,2025-06-24,20430.019805908203,9210.179834365845,11219.839971542358,1492,20504.62009048462,-0.36382183257828343,1.332045115061109
650,2025-06-25,20474.78011894226,9210.179834365845,11264.600284576416,1492,20504.62009048462,-0.14552803909888554,0.2190908939849079
651,2025-06-26,20444.940147399902,9210.179834365845,11234.760313034058,1492,20504.62009048462,-0.2910560781977711,-0.1457401318549545
652,2025-06-27,20519.53972053528,9210.179834365845,11309.359886169434,1492,20519.53972053528,0.0,0.36488036940947044
653,2025-06-30,20474.78011894226,9210.179834365845,11264.600284576416,1492,20519.53972053528,-0.2181316062768389,-0.21813160627683903
654,2025-07-02,20549.379692077637,9210.179834365845,11339.199857711792,1492,20549.379692077637,0.0,0.36434859227796323
655,2025-07-03,20683.65991973877,9210.179834365845,11473.480085372925,1492,20683.65991973877,0.0,0.6534514894038557
656,2025-07-04,20534.460062026978,9210.179834365845,11324.280227661133,1492,20683.65991973877,-0.7213416691762952,-0.7213416691762897
657,2025-07-07,20534.460062026978,9210.179834365845,11324.280227661133,1492,20683.65991973877,-0.7213416691762952,0.0
658,2025-07-08,20430.019805908203,9210.179834365845,11219.839971542358,1492,20683.65991973877,-1.2262825574139,-0.508609701951257
659,2025-07-09,20280.81994819641,9210.179834365845,11070.640113830566,1492,20683.65991973877,-1.947624226590195,-0.7302971760636545
660,2025-07-10,20385.259492874146,9210.179834365845,11175.0796585083,1492,20683.65991973877,-1.4426867779809869,0.5149670720636879
661,2025-07-11,20594.140005111694,9210.179834365845,11383.96017074585,1492,20683.65991973877,-0.4328050015057771,1.0246644753801881
662,2025-07-14,20862.69974899292,9210.179834365845,11652.519914627075,1492,20862.69974899292,0.0,1.3040590372531469
663,2025-07-15,20609.059635162354,9210.179834365845,11398.879800796509,1492,20862.69974899292,-1.2157588273915032,-1.2157588273914999
664,2025-07-16,20743.339862823486,9210.179834365845,11533.160028457642,1492,20862.69974899292,-0.5721209987465563,0.6515592173454987
665,2025-07-17,20758.259492874146,9210.179834365845,11548.0796585083,1492,20862.69974899292,-0.5006075789583078,0.07192491734371309
666,2025-07-18,21056.65991973877,9210.179834365845,11846.480085372925,1492,21056.65991973877,0.0,1.4375021516956021
667,2025-07-21,21384.899606704712,9210.179834365845,12174.719772338867,1492,21384.899606704712,0.0,1.558840234952208
668,2025-07-22,21265.53972053528,9210.179834365845,12055.359886169434,1492,21384.899606704712,-0.5581503227259071,-0.5581503227259033
669,2025-07-23,21161.100175857544,9210.179834365845,11950.9203414917,1492,21384.899606704712,-1.0465301916919036,-0.4911210627627782
670,2025-07-24,21101.419521331787,9210.179834365845,11891.239686965942,1492,21384.899606704712,-1.3256086798932016,-0.282030017483903
671,2025-07-25,21026.81994819641,9210.179834365845,11816.640113830566,1492,21384.899606704712,-1.6744509681777213,-0.3535286953560757
672,2025-07-28,21101.419521331787,9210.179834365845,11891.239686965942,1492,21384.899606704712,-1.3256086798932016,0.35478295490789513
673,2025-07-29,21295.380403518677,9210.179834365845,12085.200569152832,1492,21384.899606704712,-0.4186094152060859,0.9191840482144498
674,2025-07-30,21220.78011894226,9210.179834365845,12010.600284576416,1492,21384.899606704712,-0.7674550303289501,-0.35031205436504287
675,2025-07-31,21011.899606704712,9210.179834365845,11801.719772338867,1492,21384.899606704712,-1.744221421937632,-0.9843206096419421
676,2025-08-01,21101.419521331787,9210.179834365845,11891.239686965942,1492,21384.899606704712,-1.3256086798932016,0.42604389085558747
677,2025-08-04,21101.419521331787,9210.179834365845,11891.239686965942,1492,21384.899606704712,-1.3256086798932016,0.0
678,2025-08-05,21026.81994819641,9210.179834365845,11816.640113830566,1492,21384.899606704712,-1.6744509681777213,-0.3535286953560757
679,2025-08-06,21190.939435958862,9210.179834365845,11980.759601593018,1492,21384.899606704712,-0.9069959378487712,0.7805245308933673
680,2025-08-07,21280.460062026978,9210.179834365845,12070.280227661133,1492,21384.899606704712,-0.48837986896599656,0.4224476519252729
681,2025-08-08,21355.060346603394,9210.179834365845,12144.880512237549,1492,21384.899606704712,-0.13953425384313234,0.3505576682034883
682,2025-08-11,21131.259492874146,9210.179834365845,11921.0796585083,1492,21384.899606704712,-1.186071099211725,-1.0479991631812235
683,2025-08-12,20952.219663619995,9210.179834365845,11742.03982925415,1492,21384.899606704712,-2.023296583300586,-0.8472747652099266
684,2025-08-13,21683.299322128296,9210.179834365845,12473.119487762451,1492,21683.299322128296,0.0,3.489270684660184
685,2025-08-14,21474.420232772827,9210.179834365845,12264.240398406982,1492,21683.299322128296,-0.9633178339345384,-0.9633178339345405
686,2025-08-15,21220.78011894226,9210.179834365845,12010.600284576416,1492,21683.299322128296,-2.1330665426641224,-1.1811267129972491
687,2025-08-18,21116.339862823486,9210.179834365845,11906.160028457642,1492,21683.299322128296,-2.6147287406866844,-0.4921603048209766
688,2025-08-19,21489.339151382446,9210.179834365845,12279.159317016602,1492,21683.299322128296,-0.8945141044467753,1.7664012370611992
689,2025-08-20,21563.939435958862,9210.179834365845,12353.759601593018,1492,21683.299322128296,-0.5504692085656178,0.3471502034143148
690,2025-08-21,21519.179834365845,9210.179834365845,12309.0,1492,21683.299322128296,-0.756893521250078,-0.20756690458135774
691,2025-08-22,21563.939435958862,9210.179834365845,12353.759601593018,1492,21683.299322128296,-0.5504692085656178,0.20799864092189146
692,2025-08-25,21459.499891281128,9210.179834365845,12249.320056915283,1492,21683.299322128296,-1.032128125532887,-0.48432497683413844
693,2025-08-26,21310.299322128296,9210.179834365845,12100.119487762451,1492,21683.299322128296,-1.720217917295202,-0.6952658258986277
694,2025-08-27,21414.74028968811,9210.179834365845,12204.560455322266,1492,21683.299322128296,-1.2385524382173474,0.4900962017523769
695,2025-08-28,21534.100175857544,9210.179834365845,12323.9203414917,1492,21683.299322128296,-0.6880832296517295,0.5573725599974155
696,2025-08-29,21653.460062026978,9210.179834365845,12443.280227661133,1492,21683.299322128296,-0.13761402108611176,0.5542831378821722
697,2025-09-01,21742.979265213013,9210.179834365845,12532.799430847168,1492,21742.979265213013,0.0,0.4134175458776701
698,2025-09-02,21817.57954978943,9210.179834365845,12607.399715423584,1492,21817.57954978943,0.0,0.3431005644004337
699,2025-09-03,21728.060346603394,9210.179834365845,12517.880512237549,1492,21817.57954978943,-0.4103076740558929,-0.41030767405588753
700,2025-09-04,21757.899606704712,9210.179834365845,12547.719772338867,1492,21817.57954978943,-0.2735406232782261,0.13733052847482163
701,2025-09-05,21653.460062026978,9210.179834365845,12443.280227661133,1492,21817.57954978943,-0.7522350835843986,-0.4800074757471129
702,2025-09-08,21728.060346603394,9210.179834365845,12517.880512237549,1492,21817.57954978943,-0.4103076740558929,0.3445190023336764
703,2025-09-09,21936.939435958862,9210.179834365845,12726.759601593018,1492,21936.939435958862,0.0,0.9613333451005568
704,2025-09-10,22220.420232772827,9210.179834365845,13010.240398406982,1492,22220.420232772827,0.0,1.292253177073932
705,2025-09-11,22459.140005111694,9210.179834365845,13248.96017074585,1492,22459.140005111694,0.0,1.074326092117639
706,2025-09-12,22354.70046043396,9210.179834365845,13144.520626068115,1492,22459.140005111694,-0.4650202307566717,-0.4650202307566742
707,2025-09-15,22324.85977745056,9210.179834365845,13114.679943084717,1492,22459.140005111694,-0.5978867740731421,-0.1334872862028047
708,2025-09-16,22265.179834365845,9210.179834365845,13055.0,1492,22459.140005111694,-0.8636135252805954,-0.2673250523391735
709,2025-09-17,22056.299322128296,9210.179834365845,12846.119487762451,1492,22459.140005111694,-1.7936603222194263,-0.9381487766613295
710,2025-09-18,22026.460062026978,9210.179834365845,12816.280227661133,1492,22459.140005111694,-1.9265205301104094,-0.13528679342587058
711,2025-09-19,22041.380403518677,9210.179834365845,12831.200569152832,1492,22459.140005111694,-1.8600872584521742,0.06773826320563003
712,2025-09-22,22026.460062026978,9210.179834365845,12816.280227661133,1492,22459.140005111694,-1.9265205301104094,-0.06769240954308531
713,2025-09-23,21877.259492874146,9210.179834365845,12667.0796585083,1492,22459.140005111694,-2.5908405758417863,-0.6773697123036548
714,2025-09-24,21862.339151382446,9210.179834365845,12652.159317016602,1492,22459.140005111694,-2.6572738475000213,-0.06820023091356209
715,2025-09-25,21742.979265213013,9210.179834365845,12532.799430847168,1492,22459.140005111694,-3.1887273499149287,-0.5459611862342117
716,2025-09-26,21922.020517349243,9210.179834365845,12711.840682983398,1492,22459.140005111694,-2.391540760867081,0.8234439722006437
717,2025-09-29,21981.70046043396,9210.179834365845,12771.520626068115,1492,22459.140005111694,-2.1258140096596274,0.2722374200748723
718,2025-09-30,21787.74028968811,9210.179834365845,12577.560455322266,1492,22459.140005111694,-2.9894275349402233,-0.8823710936056495
719,2025-10-02,21907.100175857544,9210.179834365845,12696.9203414917,1492,22459.140005111694,-2.457974032525316,0.5478304981720639
720,2025-10-03,21638.53972053528,9210.179834365845,12428.359886169434,1492,22459.140005111694,-3.6537475806715998,-1.2259059992715482
721,2025-10-06,20937.300033569336,9210.179834365845,11727.120199203491,1492,22459.140005111694,-6.77603849121555,-3.2406978290704935
722,2025-10-08,21026.81994819641,9210.179834365845,11816.640113830566,1492,22459.140005111694,-6.37744836440437,0.4275618846916629
723,2025-10-09,20937.300033569336,9210.179834365845,11727.120199203491,1492,22459.140005111694,-6.77603849121555,-0.4257415759854499
724,2025-10-10,20728.419521331787,9210.179834365845,11518.239686965942,1492,22459.140005111694,-7.706085288154381,-0.997647795573664
725,2025-10-13,20623.979976654053,9210.179834365845,11413.800142288208,1492,22459.140005111694,-8.171105518911052,-0.5038471195078609
726,2025-10-14,20176.379692077637,9210.179834365845,10966.199857711792,1492,22459.140005111694,-10.164059320679698,-2.170290531134589
727,2025-10-15,20474.78011894226,9210.179834365845,11264.600284576416,1492,22459.140005111694,-8.835422396929687,1.478959215769482
728,2025-10-16,20236.059635162354,9210.179834365845,11025.879800796509,1492,22459.140005111694,-9.898332569472243,-1.1659245295584597
729,2025-10-17,20086.85977745056,9210.179834365845,10876.679943084717,1492,22459.140005111694,-10.562649447490877,-0.7372969856865863
730,2025-10-20,20206.219663619995,9210.179834365845,10996.03982925415,1492,22459.140005111694,-10.03119594507597,0.5942187454478498
731,2025-10-21,20161.460062026978,9210.179834365845,10951.280227661133,1492,22459.140005111694,-10.230489424625187,-0.22151398103230635
732,2025-10-22,20116.69974899292,9210.179834365845,10906.519914627075,1492,22459.140005111694,-10.42978607188715,-0.22200928353577343
733,2025-10-23,20101.78011894226,9210.179834365845,10891.600284576416,1492,22459.140005111694,-10.496216175832641,-0.07416539609786943
734,2025-10-24,20250.979976654053,9210.179834365845,11040.800142288208,1492,22459.140005111694,-9.831899297814008,0.7422221157975972
